"","Plate_row","Plate_col","flourescence","filename","timepoint","plate","Well","time","Date","gain"
"1","A","1","633","NIFA_Resazurin_32_T0_04072026_1031_g65","T0","NIFA_Resazurin_32_T0_04072026_1031_g65","A1",2026-07-04 10:31:00,20260704,65
"2","A","2","838","NIFA_Resazurin_32_T0_04072026_1031_g65","T0","NIFA_Resazurin_32_T0_04072026_1031_g65","A2",2026-07-04 10:31:00,20260704,65
"3","A","3","697","NIFA_Resazurin_32_T0_04072026_1031_g65","T0","NIFA_Resazurin_32_T0_04072026_1031_g65","A3",2026-07-04 10:31:00,20260704,65
"4","A","4","873","NIFA_Resazurin_32_T0_04072026_1031_g65","T0","NIFA_Resazurin_32_T0_04072026_1031_g65","A4",2026-07-04 10:31:00,20260704,65
"5","A","5","670","NIFA_Resazurin_32_T0_04072026_1031_g65","T0","NIFA_Resazurin_32_T0_04072026_1031_g65","A5",2026-07-04 10:31:00,20260704,65
"6","A","6","705","NIFA_Resazurin_32_T0_04072026_1031_g65","T0","NIFA_Resazurin_32_T0_04072026_1031_g65","A6",2026-07-04 10:31:00,20260704,65
"7","A","7","724","NIFA_Resazurin_32_T0_04072026_1031_g65","T0","NIFA_Resazurin_32_T0_04072026_1031_g65","A7",2026-07-04 10:31:00,20260704,65
"8","A","8","652","NIFA_Resazurin_32_T0_04072026_1031_g65","T0","NIFA_Resazurin_32_T0_04072026_1031_g65","A8",2026-07-04 10:31:00,20260704,65
"9","A","9","688","NIFA_Resazurin_32_T0_04072026_1031_g65","T0","NIFA_Resazurin_32_T0_04072026_1031_g65","A9",2026-07-04 10:31:00,20260704,65
"10","A","10","710","NIFA_Resazurin_32_T0_04072026_1031_g65","T0","NIFA_Resazurin_32_T0_04072026_1031_g65","A10",2026-07-04 10:31:00,20260704,65
"11","A","11","715","NIFA_Resazurin_32_T0_04072026_1031_g65","T0","NIFA_Resazurin_32_T0_04072026_1031_g65","A11",2026-07-04 10:31:00,20260704,65
"12","A","12","670","NIFA_Resazurin_32_T0_04072026_1031_g65","T0","NIFA_Resazurin_32_T0_04072026_1031_g65","A12",2026-07-04 10:31:00,20260704,65
"13","B","1","718","NIFA_Resazurin_32_T0_04072026_1031_g65","T0","NIFA_Resazurin_32_T0_04072026_1031_g65","B1",2026-07-04 10:31:00,20260704,65
"14","B","2","763","NIFA_Resazurin_32_T0_04072026_1031_g65","T0","NIFA_Resazurin_32_T0_04072026_1031_g65","B2",2026-07-04 10:31:00,20260704,65
"15","B","3","736","NIFA_Resazurin_32_T0_04072026_1031_g65","T0","NIFA_Resazurin_32_T0_04072026_1031_g65","B3",2026-07-04 10:31:00,20260704,65
"16","B","4","752","NIFA_Resazurin_32_T0_04072026_1031_g65","T0","NIFA_Resazurin_32_T0_04072026_1031_g65","B4",2026-07-04 10:31:00,20260704,65
"17","B","5","960","NIFA_Resazurin_32_T0_04072026_1031_g65","T0","NIFA_Resazurin_32_T0_04072026_1031_g65","B5",2026-07-04 10:31:00,20260704,65
"18","B","6","752","NIFA_Resazurin_32_T0_04072026_1031_g65","T0","NIFA_Resazurin_32_T0_04072026_1031_g65","B6",2026-07-04 10:31:00,20260704,65
"19","B","7","653","NIFA_Resazurin_32_T0_04072026_1031_g65","T0","NIFA_Resazurin_32_T0_04072026_1031_g65","B7",2026-07-04 10:31:00,20260704,65
"20","B","8","688","NIFA_Resazurin_32_T0_04072026_1031_g65","T0","NIFA_Resazurin_32_T0_04072026_1031_g65","B8",2026-07-04 10:31:00,20260704,65
"21","B","9","709","NIFA_Resazurin_32_T0_04072026_1031_g65","T0","NIFA_Resazurin_32_T0_04072026_1031_g65","B9",2026-07-04 10:31:00,20260704,65
"22","B","11","736","NIFA_Resazurin_32_T0_04072026_1031_g65","T0","NIFA_Resazurin_32_T0_04072026_1031_g65","B11",2026-07-04 10:31:00,20260704,65
"23","B","12","748","NIFA_Resazurin_32_T0_04072026_1031_g65","T0","NIFA_Resazurin_32_T0_04072026_1031_g65","B12",2026-07-04 10:31:00,20260704,65
"24","C","1","779","NIFA_Resazurin_32_T0_04072026_1031_g65","T0","NIFA_Resazurin_32_T0_04072026_1031_g65","C1",2026-07-04 10:31:00,20260704,65
"25","C","2","807","NIFA_Resazurin_32_T0_04072026_1031_g65","T0","NIFA_Resazurin_32_T0_04072026_1031_g65","C2",2026-07-04 10:31:00,20260704,65
"26","C","3","726","NIFA_Resazurin_32_T0_04072026_1031_g65","T0","NIFA_Resazurin_32_T0_04072026_1031_g65","C3",2026-07-04 10:31:00,20260704,65
"27","C","4","698","NIFA_Resazurin_32_T0_04072026_1031_g65","T0","NIFA_Resazurin_32_T0_04072026_1031_g65","C4",2026-07-04 10:31:00,20260704,65
"28","C","5","748","NIFA_Resazurin_32_T0_04072026_1031_g65","T0","NIFA_Resazurin_32_T0_04072026_1031_g65","C5",2026-07-04 10:31:00,20260704,65
"29","C","6","751","NIFA_Resazurin_32_T0_04072026_1031_g65","T0","NIFA_Resazurin_32_T0_04072026_1031_g65","C6",2026-07-04 10:31:00,20260704,65
"30","C","7","699","NIFA_Resazurin_32_T0_04072026_1031_g65","T0","NIFA_Resazurin_32_T0_04072026_1031_g65","C7",2026-07-04 10:31:00,20260704,65
"31","C","8","644","NIFA_Resazurin_32_T0_04072026_1031_g65","T0","NIFA_Resazurin_32_T0_04072026_1031_g65","C8",2026-07-04 10:31:00,20260704,65
"32","C","9","710","NIFA_Resazurin_32_T0_04072026_1031_g65","T0","NIFA_Resazurin_32_T0_04072026_1031_g65","C9",2026-07-04 10:31:00,20260704,65
"33","C","10","716","NIFA_Resazurin_32_T0_04072026_1031_g65","T0","NIFA_Resazurin_32_T0_04072026_1031_g65","C10",2026-07-04 10:31:00,20260704,65
"34","C","11","685","NIFA_Resazurin_32_T0_04072026_1031_g65","T0","NIFA_Resazurin_32_T0_04072026_1031_g65","C11",2026-07-04 10:31:00,20260704,65
"35","C","12","705","NIFA_Resazurin_32_T0_04072026_1031_g65","T0","NIFA_Resazurin_32_T0_04072026_1031_g65","C12",2026-07-04 10:31:00,20260704,65
"36","D","1","868","NIFA_Resazurin_32_T0_04072026_1031_g65","T0","NIFA_Resazurin_32_T0_04072026_1031_g65","D1",2026-07-04 10:31:00,20260704,65
"37","D","2","847","NIFA_Resazurin_32_T0_04072026_1031_g65","T0","NIFA_Resazurin_32_T0_04072026_1031_g65","D2",2026-07-04 10:31:00,20260704,65
"38","D","3","670","NIFA_Resazurin_32_T0_04072026_1031_g65","T0","NIFA_Resazurin_32_T0_04072026_1031_g65","D3",2026-07-04 10:31:00,20260704,65
"39","D","4","700","NIFA_Resazurin_32_T0_04072026_1031_g65","T0","NIFA_Resazurin_32_T0_04072026_1031_g65","D4",2026-07-04 10:31:00,20260704,65
"40","D","5","658","NIFA_Resazurin_32_T0_04072026_1031_g65","T0","NIFA_Resazurin_32_T0_04072026_1031_g65","D5",2026-07-04 10:31:00,20260704,65
"41","D","6","717","NIFA_Resazurin_32_T0_04072026_1031_g65","T0","NIFA_Resazurin_32_T0_04072026_1031_g65","D6",2026-07-04 10:31:00,20260704,65
"42","D","7","656","NIFA_Resazurin_32_T0_04072026_1031_g65","T0","NIFA_Resazurin_32_T0_04072026_1031_g65","D7",2026-07-04 10:31:00,20260704,65
"43","D","8","645","NIFA_Resazurin_32_T0_04072026_1031_g65","T0","NIFA_Resazurin_32_T0_04072026_1031_g65","D8",2026-07-04 10:31:00,20260704,65
"44","D","9","699","NIFA_Resazurin_32_T0_04072026_1031_g65","T0","NIFA_Resazurin_32_T0_04072026_1031_g65","D9",2026-07-04 10:31:00,20260704,65
"45","D","10","756","NIFA_Resazurin_32_T0_04072026_1031_g65","T0","NIFA_Resazurin_32_T0_04072026_1031_g65","D10",2026-07-04 10:31:00,20260704,65
"46","D","11","712","NIFA_Resazurin_32_T0_04072026_1031_g65","T0","NIFA_Resazurin_32_T0_04072026_1031_g65","D11",2026-07-04 10:31:00,20260704,65
"47","D","12","726","NIFA_Resazurin_32_T0_04072026_1031_g65","T0","NIFA_Resazurin_32_T0_04072026_1031_g65","D12",2026-07-04 10:31:00,20260704,65
"48","E","1","749","NIFA_Resazurin_32_T0_04072026_1031_g65","T0","NIFA_Resazurin_32_T0_04072026_1031_g65","E1",2026-07-04 10:31:00,20260704,65
"49","E","2","720","NIFA_Resazurin_32_T0_04072026_1031_g65","T0","NIFA_Resazurin_32_T0_04072026_1031_g65","E2",2026-07-04 10:31:00,20260704,65
"50","E","4","718","NIFA_Resazurin_32_T0_04072026_1031_g65","T0","NIFA_Resazurin_32_T0_04072026_1031_g65","E4",2026-07-04 10:31:00,20260704,65
"51","E","5","657","NIFA_Resazurin_32_T0_04072026_1031_g65","T0","NIFA_Resazurin_32_T0_04072026_1031_g65","E5",2026-07-04 10:31:00,20260704,65
"52","E","6","807","NIFA_Resazurin_32_T0_04072026_1031_g65","T0","NIFA_Resazurin_32_T0_04072026_1031_g65","E6",2026-07-04 10:31:00,20260704,65
"53","E","7","700","NIFA_Resazurin_32_T0_04072026_1031_g65","T0","NIFA_Resazurin_32_T0_04072026_1031_g65","E7",2026-07-04 10:31:00,20260704,65
"54","E","8","672","NIFA_Resazurin_32_T0_04072026_1031_g65","T0","NIFA_Resazurin_32_T0_04072026_1031_g65","E8",2026-07-04 10:31:00,20260704,65
"55","E","9","669","NIFA_Resazurin_32_T0_04072026_1031_g65","T0","NIFA_Resazurin_32_T0_04072026_1031_g65","E9",2026-07-04 10:31:00,20260704,65
"56","E","10","709","NIFA_Resazurin_32_T0_04072026_1031_g65","T0","NIFA_Resazurin_32_T0_04072026_1031_g65","E10",2026-07-04 10:31:00,20260704,65
"57","E","11","692","NIFA_Resazurin_32_T0_04072026_1031_g65","T0","NIFA_Resazurin_32_T0_04072026_1031_g65","E11",2026-07-04 10:31:00,20260704,65
"58","E","12","712","NIFA_Resazurin_32_T0_04072026_1031_g65","T0","NIFA_Resazurin_32_T0_04072026_1031_g65","E12",2026-07-04 10:31:00,20260704,65
"59","F","1","803","NIFA_Resazurin_32_T0_04072026_1031_g65","T0","NIFA_Resazurin_32_T0_04072026_1031_g65","F1",2026-07-04 10:31:00,20260704,65
"60","F","2","820","NIFA_Resazurin_32_T0_04072026_1031_g65","T0","NIFA_Resazurin_32_T0_04072026_1031_g65","F2",2026-07-04 10:31:00,20260704,65
"61","F","3","840","NIFA_Resazurin_32_T0_04072026_1031_g65","T0","NIFA_Resazurin_32_T0_04072026_1031_g65","F3",2026-07-04 10:31:00,20260704,65
"62","F","4","730","NIFA_Resazurin_32_T0_04072026_1031_g65","T0","NIFA_Resazurin_32_T0_04072026_1031_g65","F4",2026-07-04 10:31:00,20260704,65
"63","F","5","743","NIFA_Resazurin_32_T0_04072026_1031_g65","T0","NIFA_Resazurin_32_T0_04072026_1031_g65","F5",2026-07-04 10:31:00,20260704,65
"64","F","6","700","NIFA_Resazurin_32_T0_04072026_1031_g65","T0","NIFA_Resazurin_32_T0_04072026_1031_g65","F6",2026-07-04 10:31:00,20260704,65
"65","F","7","669","NIFA_Resazurin_32_T0_04072026_1031_g65","T0","NIFA_Resazurin_32_T0_04072026_1031_g65","F7",2026-07-04 10:31:00,20260704,65
"66","F","8","672","NIFA_Resazurin_32_T0_04072026_1031_g65","T0","NIFA_Resazurin_32_T0_04072026_1031_g65","F8",2026-07-04 10:31:00,20260704,65
"67","F","9","693","NIFA_Resazurin_32_T0_04072026_1031_g65","T0","NIFA_Resazurin_32_T0_04072026_1031_g65","F9",2026-07-04 10:31:00,20260704,65
"68","F","10","736","NIFA_Resazurin_32_T0_04072026_1031_g65","T0","NIFA_Resazurin_32_T0_04072026_1031_g65","F10",2026-07-04 10:31:00,20260704,65
"69","F","11","669","NIFA_Resazurin_32_T0_04072026_1031_g65","T0","NIFA_Resazurin_32_T0_04072026_1031_g65","F11",2026-07-04 10:31:00,20260704,65
"70","F","12","769","NIFA_Resazurin_32_T0_04072026_1031_g65","T0","NIFA_Resazurin_32_T0_04072026_1031_g65","F12",2026-07-04 10:31:00,20260704,65
"71","G","1","645","NIFA_Resazurin_32_T0_04072026_1031_g65","T0","NIFA_Resazurin_32_T0_04072026_1031_g65","G1",2026-07-04 10:31:00,20260704,65
"72","G","2","884","NIFA_Resazurin_32_T0_04072026_1031_g65","T0","NIFA_Resazurin_32_T0_04072026_1031_g65","G2",2026-07-04 10:31:00,20260704,65
"73","G","3","666","NIFA_Resazurin_32_T0_04072026_1031_g65","T0","NIFA_Resazurin_32_T0_04072026_1031_g65","G3",2026-07-04 10:31:00,20260704,65
"74","G","4","688","NIFA_Resazurin_32_T0_04072026_1031_g65","T0","NIFA_Resazurin_32_T0_04072026_1031_g65","G4",2026-07-04 10:31:00,20260704,65
"75","G","5","641","NIFA_Resazurin_32_T0_04072026_1031_g65","T0","NIFA_Resazurin_32_T0_04072026_1031_g65","G5",2026-07-04 10:31:00,20260704,65
"76","G","6","677","NIFA_Resazurin_32_T0_04072026_1031_g65","T0","NIFA_Resazurin_32_T0_04072026_1031_g65","G6",2026-07-04 10:31:00,20260704,65
"77","G","7","689","NIFA_Resazurin_32_T0_04072026_1031_g65","T0","NIFA_Resazurin_32_T0_04072026_1031_g65","G7",2026-07-04 10:31:00,20260704,65
"78","G","8","686","NIFA_Resazurin_32_T0_04072026_1031_g65","T0","NIFA_Resazurin_32_T0_04072026_1031_g65","G8",2026-07-04 10:31:00,20260704,65
"79","G","9","695","NIFA_Resazurin_32_T0_04072026_1031_g65","T0","NIFA_Resazurin_32_T0_04072026_1031_g65","G9",2026-07-04 10:31:00,20260704,65
"80","G","10","704","NIFA_Resazurin_32_T0_04072026_1031_g65","T0","NIFA_Resazurin_32_T0_04072026_1031_g65","G10",2026-07-04 10:31:00,20260704,65
"81","G","11","684","NIFA_Resazurin_32_T0_04072026_1031_g65","T0","NIFA_Resazurin_32_T0_04072026_1031_g65","G11",2026-07-04 10:31:00,20260704,65
"82","G","12","778","NIFA_Resazurin_32_T0_04072026_1031_g65","T0","NIFA_Resazurin_32_T0_04072026_1031_g65","G12",2026-07-04 10:31:00,20260704,65
"83","A","1","7002","NIFA_Resazurin_32_T1_04072026_1139_g65","T1","NIFA_Resazurin_32_T1_04072026_1139_g65","A1",2026-07-04 11:39:00,20260704,65
"84","A","2","14510","NIFA_Resazurin_32_T1_04072026_1139_g65","T1","NIFA_Resazurin_32_T1_04072026_1139_g65","A2",2026-07-04 11:39:00,20260704,65
"85","A","3","11738","NIFA_Resazurin_32_T1_04072026_1139_g65","T1","NIFA_Resazurin_32_T1_04072026_1139_g65","A3",2026-07-04 11:39:00,20260704,65
"86","A","4","8491","NIFA_Resazurin_32_T1_04072026_1139_g65","T1","NIFA_Resazurin_32_T1_04072026_1139_g65","A4",2026-07-04 11:39:00,20260704,65
"87","A","5","8140","NIFA_Resazurin_32_T1_04072026_1139_g65","T1","NIFA_Resazurin_32_T1_04072026_1139_g65","A5",2026-07-04 11:39:00,20260704,65
"88","A","6","2183","NIFA_Resazurin_32_T1_04072026_1139_g65","T1","NIFA_Resazurin_32_T1_04072026_1139_g65","A6",2026-07-04 11:39:00,20260704,65
"89","A","7","6457","NIFA_Resazurin_32_T1_04072026_1139_g65","T1","NIFA_Resazurin_32_T1_04072026_1139_g65","A7",2026-07-04 11:39:00,20260704,65
"90","A","8","4247","NIFA_Resazurin_32_T1_04072026_1139_g65","T1","NIFA_Resazurin_32_T1_04072026_1139_g65","A8",2026-07-04 11:39:00,20260704,65
"91","A","9","1944","NIFA_Resazurin_32_T1_04072026_1139_g65","T1","NIFA_Resazurin_32_T1_04072026_1139_g65","A9",2026-07-04 11:39:00,20260704,65
"92","A","10","3063","NIFA_Resazurin_32_T1_04072026_1139_g65","T1","NIFA_Resazurin_32_T1_04072026_1139_g65","A10",2026-07-04 11:39:00,20260704,65
"93","A","11","7117","NIFA_Resazurin_32_T1_04072026_1139_g65","T1","NIFA_Resazurin_32_T1_04072026_1139_g65","A11",2026-07-04 11:39:00,20260704,65
"94","A","12","933","NIFA_Resazurin_32_T1_04072026_1139_g65","T1","NIFA_Resazurin_32_T1_04072026_1139_g65","A12",2026-07-04 11:39:00,20260704,65
"95","B","1","21712","NIFA_Resazurin_32_T1_04072026_1139_g65","T1","NIFA_Resazurin_32_T1_04072026_1139_g65","B1",2026-07-04 11:39:00,20260704,65
"96","B","2","9882","NIFA_Resazurin_32_T1_04072026_1139_g65","T1","NIFA_Resazurin_32_T1_04072026_1139_g65","B2",2026-07-04 11:39:00,20260704,65
"97","B","3","7035","NIFA_Resazurin_32_T1_04072026_1139_g65","T1","NIFA_Resazurin_32_T1_04072026_1139_g65","B3",2026-07-04 11:39:00,20260704,65
"98","B","4","3855","NIFA_Resazurin_32_T1_04072026_1139_g65","T1","NIFA_Resazurin_32_T1_04072026_1139_g65","B4",2026-07-04 11:39:00,20260704,65
"99","B","5","2998","NIFA_Resazurin_32_T1_04072026_1139_g65","T1","NIFA_Resazurin_32_T1_04072026_1139_g65","B5",2026-07-04 11:39:00,20260704,65
"100","B","6","15467","NIFA_Resazurin_32_T1_04072026_1139_g65","T1","NIFA_Resazurin_32_T1_04072026_1139_g65","B6",2026-07-04 11:39:00,20260704,65
"101","B","7","4437","NIFA_Resazurin_32_T1_04072026_1139_g65","T1","NIFA_Resazurin_32_T1_04072026_1139_g65","B7",2026-07-04 11:39:00,20260704,65
"102","B","8","11177","NIFA_Resazurin_32_T1_04072026_1139_g65","T1","NIFA_Resazurin_32_T1_04072026_1139_g65","B8",2026-07-04 11:39:00,20260704,65
"103","B","9","8823","NIFA_Resazurin_32_T1_04072026_1139_g65","T1","NIFA_Resazurin_32_T1_04072026_1139_g65","B9",2026-07-04 11:39:00,20260704,65
"104","B","11","8318","NIFA_Resazurin_32_T1_04072026_1139_g65","T1","NIFA_Resazurin_32_T1_04072026_1139_g65","B11",2026-07-04 11:39:00,20260704,65
"105","B","12","10085","NIFA_Resazurin_32_T1_04072026_1139_g65","T1","NIFA_Resazurin_32_T1_04072026_1139_g65","B12",2026-07-04 11:39:00,20260704,65
"106","C","1","12090","NIFA_Resazurin_32_T1_04072026_1139_g65","T1","NIFA_Resazurin_32_T1_04072026_1139_g65","C1",2026-07-04 11:39:00,20260704,65
"107","C","2","5319","NIFA_Resazurin_32_T1_04072026_1139_g65","T1","NIFA_Resazurin_32_T1_04072026_1139_g65","C2",2026-07-04 11:39:00,20260704,65
"108","C","3","7701","NIFA_Resazurin_32_T1_04072026_1139_g65","T1","NIFA_Resazurin_32_T1_04072026_1139_g65","C3",2026-07-04 11:39:00,20260704,65
"109","C","4","5099","NIFA_Resazurin_32_T1_04072026_1139_g65","T1","NIFA_Resazurin_32_T1_04072026_1139_g65","C4",2026-07-04 11:39:00,20260704,65
"110","C","5","5333","NIFA_Resazurin_32_T1_04072026_1139_g65","T1","NIFA_Resazurin_32_T1_04072026_1139_g65","C5",2026-07-04 11:39:00,20260704,65
"111","C","6","5579","NIFA_Resazurin_32_T1_04072026_1139_g65","T1","NIFA_Resazurin_32_T1_04072026_1139_g65","C6",2026-07-04 11:39:00,20260704,65
"112","C","7","4776","NIFA_Resazurin_32_T1_04072026_1139_g65","T1","NIFA_Resazurin_32_T1_04072026_1139_g65","C7",2026-07-04 11:39:00,20260704,65
"113","C","8","7196","NIFA_Resazurin_32_T1_04072026_1139_g65","T1","NIFA_Resazurin_32_T1_04072026_1139_g65","C8",2026-07-04 11:39:00,20260704,65
"114","C","9","9667","NIFA_Resazurin_32_T1_04072026_1139_g65","T1","NIFA_Resazurin_32_T1_04072026_1139_g65","C9",2026-07-04 11:39:00,20260704,65
"115","C","10","6759","NIFA_Resazurin_32_T1_04072026_1139_g65","T1","NIFA_Resazurin_32_T1_04072026_1139_g65","C10",2026-07-04 11:39:00,20260704,65
"116","C","11","1013","NIFA_Resazurin_32_T1_04072026_1139_g65","T1","NIFA_Resazurin_32_T1_04072026_1139_g65","C11",2026-07-04 11:39:00,20260704,65
"117","C","12","3948","NIFA_Resazurin_32_T1_04072026_1139_g65","T1","NIFA_Resazurin_32_T1_04072026_1139_g65","C12",2026-07-04 11:39:00,20260704,65
"118","D","1","18869","NIFA_Resazurin_32_T1_04072026_1139_g65","T1","NIFA_Resazurin_32_T1_04072026_1139_g65","D1",2026-07-04 11:39:00,20260704,65
"119","D","2","8466","NIFA_Resazurin_32_T1_04072026_1139_g65","T1","NIFA_Resazurin_32_T1_04072026_1139_g65","D2",2026-07-04 11:39:00,20260704,65
"120","D","3","16395","NIFA_Resazurin_32_T1_04072026_1139_g65","T1","NIFA_Resazurin_32_T1_04072026_1139_g65","D3",2026-07-04 11:39:00,20260704,65
"121","D","4","9026","NIFA_Resazurin_32_T1_04072026_1139_g65","T1","NIFA_Resazurin_32_T1_04072026_1139_g65","D4",2026-07-04 11:39:00,20260704,65
"122","D","5","6406","NIFA_Resazurin_32_T1_04072026_1139_g65","T1","NIFA_Resazurin_32_T1_04072026_1139_g65","D5",2026-07-04 11:39:00,20260704,65
"123","D","6","12692","NIFA_Resazurin_32_T1_04072026_1139_g65","T1","NIFA_Resazurin_32_T1_04072026_1139_g65","D6",2026-07-04 11:39:00,20260704,65
"124","D","7","7047","NIFA_Resazurin_32_T1_04072026_1139_g65","T1","NIFA_Resazurin_32_T1_04072026_1139_g65","D7",2026-07-04 11:39:00,20260704,65
"125","D","8","706","NIFA_Resazurin_32_T1_04072026_1139_g65","T1","NIFA_Resazurin_32_T1_04072026_1139_g65","D8",2026-07-04 11:39:00,20260704,65
"126","D","9","9433","NIFA_Resazurin_32_T1_04072026_1139_g65","T1","NIFA_Resazurin_32_T1_04072026_1139_g65","D9",2026-07-04 11:39:00,20260704,65
"127","D","10","7988","NIFA_Resazurin_32_T1_04072026_1139_g65","T1","NIFA_Resazurin_32_T1_04072026_1139_g65","D10",2026-07-04 11:39:00,20260704,65
"128","D","11","5045","NIFA_Resazurin_32_T1_04072026_1139_g65","T1","NIFA_Resazurin_32_T1_04072026_1139_g65","D11",2026-07-04 11:39:00,20260704,65
"129","D","12","3254","NIFA_Resazurin_32_T1_04072026_1139_g65","T1","NIFA_Resazurin_32_T1_04072026_1139_g65","D12",2026-07-04 11:39:00,20260704,65
"130","E","1","7319","NIFA_Resazurin_32_T1_04072026_1139_g65","T1","NIFA_Resazurin_32_T1_04072026_1139_g65","E1",2026-07-04 11:39:00,20260704,65
"131","E","2","8087","NIFA_Resazurin_32_T1_04072026_1139_g65","T1","NIFA_Resazurin_32_T1_04072026_1139_g65","E2",2026-07-04 11:39:00,20260704,65
"132","E","4","10197","NIFA_Resazurin_32_T1_04072026_1139_g65","T1","NIFA_Resazurin_32_T1_04072026_1139_g65","E4",2026-07-04 11:39:00,20260704,65
"133","E","5","9255","NIFA_Resazurin_32_T1_04072026_1139_g65","T1","NIFA_Resazurin_32_T1_04072026_1139_g65","E5",2026-07-04 11:39:00,20260704,65
"134","E","6","13148","NIFA_Resazurin_32_T1_04072026_1139_g65","T1","NIFA_Resazurin_32_T1_04072026_1139_g65","E6",2026-07-04 11:39:00,20260704,65
"135","E","7","4616","NIFA_Resazurin_32_T1_04072026_1139_g65","T1","NIFA_Resazurin_32_T1_04072026_1139_g65","E7",2026-07-04 11:39:00,20260704,65
"136","E","8","1825","NIFA_Resazurin_32_T1_04072026_1139_g65","T1","NIFA_Resazurin_32_T1_04072026_1139_g65","E8",2026-07-04 11:39:00,20260704,65
"137","E","9","4774","NIFA_Resazurin_32_T1_04072026_1139_g65","T1","NIFA_Resazurin_32_T1_04072026_1139_g65","E9",2026-07-04 11:39:00,20260704,65
"138","E","10","6268","NIFA_Resazurin_32_T1_04072026_1139_g65","T1","NIFA_Resazurin_32_T1_04072026_1139_g65","E10",2026-07-04 11:39:00,20260704,65
"139","E","11","6119","NIFA_Resazurin_32_T1_04072026_1139_g65","T1","NIFA_Resazurin_32_T1_04072026_1139_g65","E11",2026-07-04 11:39:00,20260704,65
"140","E","12","3309","NIFA_Resazurin_32_T1_04072026_1139_g65","T1","NIFA_Resazurin_32_T1_04072026_1139_g65","E12",2026-07-04 11:39:00,20260704,65
"141","F","1","9605","NIFA_Resazurin_32_T1_04072026_1139_g65","T1","NIFA_Resazurin_32_T1_04072026_1139_g65","F1",2026-07-04 11:39:00,20260704,65
"142","F","2","4383","NIFA_Resazurin_32_T1_04072026_1139_g65","T1","NIFA_Resazurin_32_T1_04072026_1139_g65","F2",2026-07-04 11:39:00,20260704,65
"143","F","3","1782","NIFA_Resazurin_32_T1_04072026_1139_g65","T1","NIFA_Resazurin_32_T1_04072026_1139_g65","F3",2026-07-04 11:39:00,20260704,65
"144","F","4","2304","NIFA_Resazurin_32_T1_04072026_1139_g65","T1","NIFA_Resazurin_32_T1_04072026_1139_g65","F4",2026-07-04 11:39:00,20260704,65
"145","F","5","12225","NIFA_Resazurin_32_T1_04072026_1139_g65","T1","NIFA_Resazurin_32_T1_04072026_1139_g65","F5",2026-07-04 11:39:00,20260704,65
"146","F","6","14527","NIFA_Resazurin_32_T1_04072026_1139_g65","T1","NIFA_Resazurin_32_T1_04072026_1139_g65","F6",2026-07-04 11:39:00,20260704,65
"147","F","7","8404","NIFA_Resazurin_32_T1_04072026_1139_g65","T1","NIFA_Resazurin_32_T1_04072026_1139_g65","F7",2026-07-04 11:39:00,20260704,65
"148","F","8","6595","NIFA_Resazurin_32_T1_04072026_1139_g65","T1","NIFA_Resazurin_32_T1_04072026_1139_g65","F8",2026-07-04 11:39:00,20260704,65
"149","F","9","1798","NIFA_Resazurin_32_T1_04072026_1139_g65","T1","NIFA_Resazurin_32_T1_04072026_1139_g65","F9",2026-07-04 11:39:00,20260704,65
"150","F","10","3345","NIFA_Resazurin_32_T1_04072026_1139_g65","T1","NIFA_Resazurin_32_T1_04072026_1139_g65","F10",2026-07-04 11:39:00,20260704,65
"151","F","11","3329","NIFA_Resazurin_32_T1_04072026_1139_g65","T1","NIFA_Resazurin_32_T1_04072026_1139_g65","F11",2026-07-04 11:39:00,20260704,65
"152","F","12","5253","NIFA_Resazurin_32_T1_04072026_1139_g65","T1","NIFA_Resazurin_32_T1_04072026_1139_g65","F12",2026-07-04 11:39:00,20260704,65
"153","G","1","694","NIFA_Resazurin_32_T1_04072026_1139_g65","T1","NIFA_Resazurin_32_T1_04072026_1139_g65","G1",2026-07-04 11:39:00,20260704,65
"154","G","2","4690","NIFA_Resazurin_32_T1_04072026_1139_g65","T1","NIFA_Resazurin_32_T1_04072026_1139_g65","G2",2026-07-04 11:39:00,20260704,65
"155","G","3","598","NIFA_Resazurin_32_T1_04072026_1139_g65","T1","NIFA_Resazurin_32_T1_04072026_1139_g65","G3",2026-07-04 11:39:00,20260704,65
"156","G","4","802","NIFA_Resazurin_32_T1_04072026_1139_g65","T1","NIFA_Resazurin_32_T1_04072026_1139_g65","G4",2026-07-04 11:39:00,20260704,65
"157","G","5","596","NIFA_Resazurin_32_T1_04072026_1139_g65","T1","NIFA_Resazurin_32_T1_04072026_1139_g65","G5",2026-07-04 11:39:00,20260704,65
"158","G","6","1006","NIFA_Resazurin_32_T1_04072026_1139_g65","T1","NIFA_Resazurin_32_T1_04072026_1139_g65","G6",2026-07-04 11:39:00,20260704,65
"159","G","7","592","NIFA_Resazurin_32_T1_04072026_1139_g65","T1","NIFA_Resazurin_32_T1_04072026_1139_g65","G7",2026-07-04 11:39:00,20260704,65
"160","G","8","720","NIFA_Resazurin_32_T1_04072026_1139_g65","T1","NIFA_Resazurin_32_T1_04072026_1139_g65","G8",2026-07-04 11:39:00,20260704,65
"161","G","9","591","NIFA_Resazurin_32_T1_04072026_1139_g65","T1","NIFA_Resazurin_32_T1_04072026_1139_g65","G9",2026-07-04 11:39:00,20260704,65
"162","G","10","863","NIFA_Resazurin_32_T1_04072026_1139_g65","T1","NIFA_Resazurin_32_T1_04072026_1139_g65","G10",2026-07-04 11:39:00,20260704,65
"163","G","11","598","NIFA_Resazurin_32_T1_04072026_1139_g65","T1","NIFA_Resazurin_32_T1_04072026_1139_g65","G11",2026-07-04 11:39:00,20260704,65
"164","G","12","1286","NIFA_Resazurin_32_T1_04072026_1139_g65","T1","NIFA_Resazurin_32_T1_04072026_1139_g65","G12",2026-07-04 11:39:00,20260704,65
"165","A","1","7370","NIFA_Resazurin_32_T2_04072026_1238_g65","T2","NIFA_Resazurin_32_T2_04072026_1238_g65","A1",2026-07-04 12:38:00,20260704,65
"166","A","2","14673","NIFA_Resazurin_32_T2_04072026_1238_g65","T2","NIFA_Resazurin_32_T2_04072026_1238_g65","A2",2026-07-04 12:38:00,20260704,65
"167","A","3","14264","NIFA_Resazurin_32_T2_04072026_1238_g65","T2","NIFA_Resazurin_32_T2_04072026_1238_g65","A3",2026-07-04 12:38:00,20260704,65
"168","A","4","11849","NIFA_Resazurin_32_T2_04072026_1238_g65","T2","NIFA_Resazurin_32_T2_04072026_1238_g65","A4",2026-07-04 12:38:00,20260704,65
"169","A","5","8556","NIFA_Resazurin_32_T2_04072026_1238_g65","T2","NIFA_Resazurin_32_T2_04072026_1238_g65","A5",2026-07-04 12:38:00,20260704,65
"170","A","6","4013","NIFA_Resazurin_32_T2_04072026_1238_g65","T2","NIFA_Resazurin_32_T2_04072026_1238_g65","A6",2026-07-04 12:38:00,20260704,65
"171","A","7","7125","NIFA_Resazurin_32_T2_04072026_1238_g65","T2","NIFA_Resazurin_32_T2_04072026_1238_g65","A7",2026-07-04 12:38:00,20260704,65
"172","A","8","4743","NIFA_Resazurin_32_T2_04072026_1238_g65","T2","NIFA_Resazurin_32_T2_04072026_1238_g65","A8",2026-07-04 12:38:00,20260704,65
"173","A","9","3038","NIFA_Resazurin_32_T2_04072026_1238_g65","T2","NIFA_Resazurin_32_T2_04072026_1238_g65","A9",2026-07-04 12:38:00,20260704,65
"174","A","10","3693","NIFA_Resazurin_32_T2_04072026_1238_g65","T2","NIFA_Resazurin_32_T2_04072026_1238_g65","A10",2026-07-04 12:38:00,20260704,65
"175","A","11","7128","NIFA_Resazurin_32_T2_04072026_1238_g65","T2","NIFA_Resazurin_32_T2_04072026_1238_g65","A11",2026-07-04 12:38:00,20260704,65
"176","A","12","1280","NIFA_Resazurin_32_T2_04072026_1238_g65","T2","NIFA_Resazurin_32_T2_04072026_1238_g65","A12",2026-07-04 12:38:00,20260704,65
"177","B","1","30896","NIFA_Resazurin_32_T2_04072026_1238_g65","T2","NIFA_Resazurin_32_T2_04072026_1238_g65","B1",2026-07-04 12:38:00,20260704,65
"178","B","2","10001","NIFA_Resazurin_32_T2_04072026_1238_g65","T2","NIFA_Resazurin_32_T2_04072026_1238_g65","B2",2026-07-04 12:38:00,20260704,65
"179","B","3","8237","NIFA_Resazurin_32_T2_04072026_1238_g65","T2","NIFA_Resazurin_32_T2_04072026_1238_g65","B3",2026-07-04 12:38:00,20260704,65
"180","B","4","4701","NIFA_Resazurin_32_T2_04072026_1238_g65","T2","NIFA_Resazurin_32_T2_04072026_1238_g65","B4",2026-07-04 12:38:00,20260704,65
"181","B","5","4544","NIFA_Resazurin_32_T2_04072026_1238_g65","T2","NIFA_Resazurin_32_T2_04072026_1238_g65","B5",2026-07-04 12:38:00,20260704,65
"182","B","6","16089","NIFA_Resazurin_32_T2_04072026_1238_g65","T2","NIFA_Resazurin_32_T2_04072026_1238_g65","B6",2026-07-04 12:38:00,20260704,65
"183","B","7","5064","NIFA_Resazurin_32_T2_04072026_1238_g65","T2","NIFA_Resazurin_32_T2_04072026_1238_g65","B7",2026-07-04 12:38:00,20260704,65
"184","B","8","13273","NIFA_Resazurin_32_T2_04072026_1238_g65","T2","NIFA_Resazurin_32_T2_04072026_1238_g65","B8",2026-07-04 12:38:00,20260704,65
"185","B","9","12008","NIFA_Resazurin_32_T2_04072026_1238_g65","T2","NIFA_Resazurin_32_T2_04072026_1238_g65","B9",2026-07-04 12:38:00,20260704,65
"186","B","11","9151","NIFA_Resazurin_32_T2_04072026_1238_g65","T2","NIFA_Resazurin_32_T2_04072026_1238_g65","B11",2026-07-04 12:38:00,20260704,65
"187","B","12","10249","NIFA_Resazurin_32_T2_04072026_1238_g65","T2","NIFA_Resazurin_32_T2_04072026_1238_g65","B12",2026-07-04 12:38:00,20260704,65
"188","C","1","12373","NIFA_Resazurin_32_T2_04072026_1238_g65","T2","NIFA_Resazurin_32_T2_04072026_1238_g65","C1",2026-07-04 12:38:00,20260704,65
"189","C","2","5880","NIFA_Resazurin_32_T2_04072026_1238_g65","T2","NIFA_Resazurin_32_T2_04072026_1238_g65","C2",2026-07-04 12:38:00,20260704,65
"190","C","3","11750","NIFA_Resazurin_32_T2_04072026_1238_g65","T2","NIFA_Resazurin_32_T2_04072026_1238_g65","C3",2026-07-04 12:38:00,20260704,65
"191","C","4","5419","NIFA_Resazurin_32_T2_04072026_1238_g65","T2","NIFA_Resazurin_32_T2_04072026_1238_g65","C4",2026-07-04 12:38:00,20260704,65
"192","C","5","5492","NIFA_Resazurin_32_T2_04072026_1238_g65","T2","NIFA_Resazurin_32_T2_04072026_1238_g65","C5",2026-07-04 12:38:00,20260704,65
"193","C","6","8469","NIFA_Resazurin_32_T2_04072026_1238_g65","T2","NIFA_Resazurin_32_T2_04072026_1238_g65","C6",2026-07-04 12:38:00,20260704,65
"194","C","7","5514","NIFA_Resazurin_32_T2_04072026_1238_g65","T2","NIFA_Resazurin_32_T2_04072026_1238_g65","C7",2026-07-04 12:38:00,20260704,65
"195","C","8","7414","NIFA_Resazurin_32_T2_04072026_1238_g65","T2","NIFA_Resazurin_32_T2_04072026_1238_g65","C8",2026-07-04 12:38:00,20260704,65
"196","C","9","11078","NIFA_Resazurin_32_T2_04072026_1238_g65","T2","NIFA_Resazurin_32_T2_04072026_1238_g65","C9",2026-07-04 12:38:00,20260704,65
"197","C","10","6972","NIFA_Resazurin_32_T2_04072026_1238_g65","T2","NIFA_Resazurin_32_T2_04072026_1238_g65","C10",2026-07-04 12:38:00,20260704,65
"198","C","11","1301","NIFA_Resazurin_32_T2_04072026_1238_g65","T2","NIFA_Resazurin_32_T2_04072026_1238_g65","C11",2026-07-04 12:38:00,20260704,65
"199","C","12","4557","NIFA_Resazurin_32_T2_04072026_1238_g65","T2","NIFA_Resazurin_32_T2_04072026_1238_g65","C12",2026-07-04 12:38:00,20260704,65
"200","D","1","16719","NIFA_Resazurin_32_T2_04072026_1238_g65","T2","NIFA_Resazurin_32_T2_04072026_1238_g65","D1",2026-07-04 12:38:00,20260704,65
"201","D","2","9183","NIFA_Resazurin_32_T2_04072026_1238_g65","T2","NIFA_Resazurin_32_T2_04072026_1238_g65","D2",2026-07-04 12:38:00,20260704,65
"202","D","3","16820","NIFA_Resazurin_32_T2_04072026_1238_g65","T2","NIFA_Resazurin_32_T2_04072026_1238_g65","D3",2026-07-04 12:38:00,20260704,65
"203","D","4","9645","NIFA_Resazurin_32_T2_04072026_1238_g65","T2","NIFA_Resazurin_32_T2_04072026_1238_g65","D4",2026-07-04 12:38:00,20260704,65
"204","D","5","6449","NIFA_Resazurin_32_T2_04072026_1238_g65","T2","NIFA_Resazurin_32_T2_04072026_1238_g65","D5",2026-07-04 12:38:00,20260704,65
"205","D","6","13715","NIFA_Resazurin_32_T2_04072026_1238_g65","T2","NIFA_Resazurin_32_T2_04072026_1238_g65","D6",2026-07-04 12:38:00,20260704,65
"206","D","7","7778","NIFA_Resazurin_32_T2_04072026_1238_g65","T2","NIFA_Resazurin_32_T2_04072026_1238_g65","D7",2026-07-04 12:38:00,20260704,65
"207","D","8","852","NIFA_Resazurin_32_T2_04072026_1238_g65","T2","NIFA_Resazurin_32_T2_04072026_1238_g65","D8",2026-07-04 12:38:00,20260704,65
"208","D","9","12440","NIFA_Resazurin_32_T2_04072026_1238_g65","T2","NIFA_Resazurin_32_T2_04072026_1238_g65","D9",2026-07-04 12:38:00,20260704,65
"209","D","10","8192","NIFA_Resazurin_32_T2_04072026_1238_g65","T2","NIFA_Resazurin_32_T2_04072026_1238_g65","D10",2026-07-04 12:38:00,20260704,65
"210","D","11","5648","NIFA_Resazurin_32_T2_04072026_1238_g65","T2","NIFA_Resazurin_32_T2_04072026_1238_g65","D11",2026-07-04 12:38:00,20260704,65
"211","D","12","3596","NIFA_Resazurin_32_T2_04072026_1238_g65","T2","NIFA_Resazurin_32_T2_04072026_1238_g65","D12",2026-07-04 12:38:00,20260704,65
"212","E","1","7747","NIFA_Resazurin_32_T2_04072026_1238_g65","T2","NIFA_Resazurin_32_T2_04072026_1238_g65","E1",2026-07-04 12:38:00,20260704,65
"213","E","2","8461","NIFA_Resazurin_32_T2_04072026_1238_g65","T2","NIFA_Resazurin_32_T2_04072026_1238_g65","E2",2026-07-04 12:38:00,20260704,65
"214","E","4","8627","NIFA_Resazurin_32_T2_04072026_1238_g65","T2","NIFA_Resazurin_32_T2_04072026_1238_g65","E4",2026-07-04 12:38:00,20260704,65
"215","E","5","9071","NIFA_Resazurin_32_T2_04072026_1238_g65","T2","NIFA_Resazurin_32_T2_04072026_1238_g65","E5",2026-07-04 12:38:00,20260704,65
"216","E","6","15413","NIFA_Resazurin_32_T2_04072026_1238_g65","T2","NIFA_Resazurin_32_T2_04072026_1238_g65","E6",2026-07-04 12:38:00,20260704,65
"217","E","7","4761","NIFA_Resazurin_32_T2_04072026_1238_g65","T2","NIFA_Resazurin_32_T2_04072026_1238_g65","E7",2026-07-04 12:38:00,20260704,65
"218","E","8","2249","NIFA_Resazurin_32_T2_04072026_1238_g65","T2","NIFA_Resazurin_32_T2_04072026_1238_g65","E8",2026-07-04 12:38:00,20260704,65
"219","E","9","5322","NIFA_Resazurin_32_T2_04072026_1238_g65","T2","NIFA_Resazurin_32_T2_04072026_1238_g65","E9",2026-07-04 12:38:00,20260704,65
"220","E","10","7505","NIFA_Resazurin_32_T2_04072026_1238_g65","T2","NIFA_Resazurin_32_T2_04072026_1238_g65","E10",2026-07-04 12:38:00,20260704,65
"221","E","11","6770","NIFA_Resazurin_32_T2_04072026_1238_g65","T2","NIFA_Resazurin_32_T2_04072026_1238_g65","E11",2026-07-04 12:38:00,20260704,65
"222","E","12","6516","NIFA_Resazurin_32_T2_04072026_1238_g65","T2","NIFA_Resazurin_32_T2_04072026_1238_g65","E12",2026-07-04 12:38:00,20260704,65
"223","F","1","9607","NIFA_Resazurin_32_T2_04072026_1238_g65","T2","NIFA_Resazurin_32_T2_04072026_1238_g65","F1",2026-07-04 12:38:00,20260704,65
"224","F","2","4523","NIFA_Resazurin_32_T2_04072026_1238_g65","T2","NIFA_Resazurin_32_T2_04072026_1238_g65","F2",2026-07-04 12:38:00,20260704,65
"225","F","3","2733","NIFA_Resazurin_32_T2_04072026_1238_g65","T2","NIFA_Resazurin_32_T2_04072026_1238_g65","F3",2026-07-04 12:38:00,20260704,65
"226","F","4","2572","NIFA_Resazurin_32_T2_04072026_1238_g65","T2","NIFA_Resazurin_32_T2_04072026_1238_g65","F4",2026-07-04 12:38:00,20260704,65
"227","F","5","13267","NIFA_Resazurin_32_T2_04072026_1238_g65","T2","NIFA_Resazurin_32_T2_04072026_1238_g65","F5",2026-07-04 12:38:00,20260704,65
"228","F","6","16141","NIFA_Resazurin_32_T2_04072026_1238_g65","T2","NIFA_Resazurin_32_T2_04072026_1238_g65","F6",2026-07-04 12:38:00,20260704,65
"229","F","7","8301","NIFA_Resazurin_32_T2_04072026_1238_g65","T2","NIFA_Resazurin_32_T2_04072026_1238_g65","F7",2026-07-04 12:38:00,20260704,65
"230","F","8","7754","NIFA_Resazurin_32_T2_04072026_1238_g65","T2","NIFA_Resazurin_32_T2_04072026_1238_g65","F8",2026-07-04 12:38:00,20260704,65
"231","F","9","2449","NIFA_Resazurin_32_T2_04072026_1238_g65","T2","NIFA_Resazurin_32_T2_04072026_1238_g65","F9",2026-07-04 12:38:00,20260704,65
"232","F","10","3898","NIFA_Resazurin_32_T2_04072026_1238_g65","T2","NIFA_Resazurin_32_T2_04072026_1238_g65","F10",2026-07-04 12:38:00,20260704,65
"233","F","11","3827","NIFA_Resazurin_32_T2_04072026_1238_g65","T2","NIFA_Resazurin_32_T2_04072026_1238_g65","F11",2026-07-04 12:38:00,20260704,65
"234","F","12","5602","NIFA_Resazurin_32_T2_04072026_1238_g65","T2","NIFA_Resazurin_32_T2_04072026_1238_g65","F12",2026-07-04 12:38:00,20260704,65
"235","G","1","696","NIFA_Resazurin_32_T2_04072026_1238_g65","T2","NIFA_Resazurin_32_T2_04072026_1238_g65","G1",2026-07-04 12:38:00,20260704,65
"236","G","2","7346","NIFA_Resazurin_32_T2_04072026_1238_g65","T2","NIFA_Resazurin_32_T2_04072026_1238_g65","G2",2026-07-04 12:38:00,20260704,65
"237","G","3","595","NIFA_Resazurin_32_T2_04072026_1238_g65","T2","NIFA_Resazurin_32_T2_04072026_1238_g65","G3",2026-07-04 12:38:00,20260704,65
"238","G","4","877","NIFA_Resazurin_32_T2_04072026_1238_g65","T2","NIFA_Resazurin_32_T2_04072026_1238_g65","G4",2026-07-04 12:38:00,20260704,65
"239","G","5","589","NIFA_Resazurin_32_T2_04072026_1238_g65","T2","NIFA_Resazurin_32_T2_04072026_1238_g65","G5",2026-07-04 12:38:00,20260704,65
"240","G","6","1526","NIFA_Resazurin_32_T2_04072026_1238_g65","T2","NIFA_Resazurin_32_T2_04072026_1238_g65","G6",2026-07-04 12:38:00,20260704,65
"241","G","7","581","NIFA_Resazurin_32_T2_04072026_1238_g65","T2","NIFA_Resazurin_32_T2_04072026_1238_g65","G7",2026-07-04 12:38:00,20260704,65
"242","G","8","831","NIFA_Resazurin_32_T2_04072026_1238_g65","T2","NIFA_Resazurin_32_T2_04072026_1238_g65","G8",2026-07-04 12:38:00,20260704,65
"243","G","9","581","NIFA_Resazurin_32_T2_04072026_1238_g65","T2","NIFA_Resazurin_32_T2_04072026_1238_g65","G9",2026-07-04 12:38:00,20260704,65
"244","G","10","1253","NIFA_Resazurin_32_T2_04072026_1238_g65","T2","NIFA_Resazurin_32_T2_04072026_1238_g65","G10",2026-07-04 12:38:00,20260704,65
"245","G","11","585","NIFA_Resazurin_32_T2_04072026_1238_g65","T2","NIFA_Resazurin_32_T2_04072026_1238_g65","G11",2026-07-04 12:38:00,20260704,65
"246","G","12","2188","NIFA_Resazurin_32_T2_04072026_1238_g65","T2","NIFA_Resazurin_32_T2_04072026_1238_g65","G12",2026-07-04 12:38:00,20260704,65
"247","A","1","7766","NIFA_Resazurin_32_T3_04072026_1336_g65","T3","NIFA_Resazurin_32_T3_04072026_1336_g65","A1",2026-07-04 13:36:00,20260704,65
"248","A","2","15237","NIFA_Resazurin_32_T3_04072026_1336_g65","T3","NIFA_Resazurin_32_T3_04072026_1336_g65","A2",2026-07-04 13:36:00,20260704,65
"249","A","3","14172","NIFA_Resazurin_32_T3_04072026_1336_g65","T3","NIFA_Resazurin_32_T3_04072026_1336_g65","A3",2026-07-04 13:36:00,20260704,65
"250","A","4","22007","NIFA_Resazurin_32_T3_04072026_1336_g65","T3","NIFA_Resazurin_32_T3_04072026_1336_g65","A4",2026-07-04 13:36:00,20260704,65
"251","A","5","12249","NIFA_Resazurin_32_T3_04072026_1336_g65","T3","NIFA_Resazurin_32_T3_04072026_1336_g65","A5",2026-07-04 13:36:00,20260704,65
"252","A","6","5457","NIFA_Resazurin_32_T3_04072026_1336_g65","T3","NIFA_Resazurin_32_T3_04072026_1336_g65","A6",2026-07-04 13:36:00,20260704,65
"253","A","7","8031","NIFA_Resazurin_32_T3_04072026_1336_g65","T3","NIFA_Resazurin_32_T3_04072026_1336_g65","A7",2026-07-04 13:36:00,20260704,65
"254","A","8","5066","NIFA_Resazurin_32_T3_04072026_1336_g65","T3","NIFA_Resazurin_32_T3_04072026_1336_g65","A8",2026-07-04 13:36:00,20260704,65
"255","A","9","3728","NIFA_Resazurin_32_T3_04072026_1336_g65","T3","NIFA_Resazurin_32_T3_04072026_1336_g65","A9",2026-07-04 13:36:00,20260704,65
"256","A","10","4365","NIFA_Resazurin_32_T3_04072026_1336_g65","T3","NIFA_Resazurin_32_T3_04072026_1336_g65","A10",2026-07-04 13:36:00,20260704,65
"257","A","11","12891","NIFA_Resazurin_32_T3_04072026_1336_g65","T3","NIFA_Resazurin_32_T3_04072026_1336_g65","A11",2026-07-04 13:36:00,20260704,65
"258","A","12","1718","NIFA_Resazurin_32_T3_04072026_1336_g65","T3","NIFA_Resazurin_32_T3_04072026_1336_g65","A12",2026-07-04 13:36:00,20260704,65
"259","B","1","34676","NIFA_Resazurin_32_T3_04072026_1336_g65","T3","NIFA_Resazurin_32_T3_04072026_1336_g65","B1",2026-07-04 13:36:00,20260704,65
"260","B","2","12142","NIFA_Resazurin_32_T3_04072026_1336_g65","T3","NIFA_Resazurin_32_T3_04072026_1336_g65","B2",2026-07-04 13:36:00,20260704,65
"261","B","3","8913","NIFA_Resazurin_32_T3_04072026_1336_g65","T3","NIFA_Resazurin_32_T3_04072026_1336_g65","B3",2026-07-04 13:36:00,20260704,65
"262","B","4","6052","NIFA_Resazurin_32_T3_04072026_1336_g65","T3","NIFA_Resazurin_32_T3_04072026_1336_g65","B4",2026-07-04 13:36:00,20260704,65
"263","B","5","5657","NIFA_Resazurin_32_T3_04072026_1336_g65","T3","NIFA_Resazurin_32_T3_04072026_1336_g65","B5",2026-07-04 13:36:00,20260704,65
"264","B","6","18600","NIFA_Resazurin_32_T3_04072026_1336_g65","T3","NIFA_Resazurin_32_T3_04072026_1336_g65","B6",2026-07-04 13:36:00,20260704,65
"265","B","7","6401","NIFA_Resazurin_32_T3_04072026_1336_g65","T3","NIFA_Resazurin_32_T3_04072026_1336_g65","B7",2026-07-04 13:36:00,20260704,65
"266","B","8","17361","NIFA_Resazurin_32_T3_04072026_1336_g65","T3","NIFA_Resazurin_32_T3_04072026_1336_g65","B8",2026-07-04 13:36:00,20260704,65
"267","B","9","11796","NIFA_Resazurin_32_T3_04072026_1336_g65","T3","NIFA_Resazurin_32_T3_04072026_1336_g65","B9",2026-07-04 13:36:00,20260704,65
"268","B","11","12832","NIFA_Resazurin_32_T3_04072026_1336_g65","T3","NIFA_Resazurin_32_T3_04072026_1336_g65","B11",2026-07-04 13:36:00,20260704,65
"269","B","12","10514","NIFA_Resazurin_32_T3_04072026_1336_g65","T3","NIFA_Resazurin_32_T3_04072026_1336_g65","B12",2026-07-04 13:36:00,20260704,65
"270","C","1","14659","NIFA_Resazurin_32_T3_04072026_1336_g65","T3","NIFA_Resazurin_32_T3_04072026_1336_g65","C1",2026-07-04 13:36:00,20260704,65
"271","C","2","6016","NIFA_Resazurin_32_T3_04072026_1336_g65","T3","NIFA_Resazurin_32_T3_04072026_1336_g65","C2",2026-07-04 13:36:00,20260704,65
"272","C","3","15165","NIFA_Resazurin_32_T3_04072026_1336_g65","T3","NIFA_Resazurin_32_T3_04072026_1336_g65","C3",2026-07-04 13:36:00,20260704,65
"273","C","4","6312","NIFA_Resazurin_32_T3_04072026_1336_g65","T3","NIFA_Resazurin_32_T3_04072026_1336_g65","C4",2026-07-04 13:36:00,20260704,65
"274","C","5","6395","NIFA_Resazurin_32_T3_04072026_1336_g65","T3","NIFA_Resazurin_32_T3_04072026_1336_g65","C5",2026-07-04 13:36:00,20260704,65
"275","C","6","9325","NIFA_Resazurin_32_T3_04072026_1336_g65","T3","NIFA_Resazurin_32_T3_04072026_1336_g65","C6",2026-07-04 13:36:00,20260704,65
"276","C","7","6081","NIFA_Resazurin_32_T3_04072026_1336_g65","T3","NIFA_Resazurin_32_T3_04072026_1336_g65","C7",2026-07-04 13:36:00,20260704,65
"277","C","8","8431","NIFA_Resazurin_32_T3_04072026_1336_g65","T3","NIFA_Resazurin_32_T3_04072026_1336_g65","C8",2026-07-04 13:36:00,20260704,65
"278","C","9","12357","NIFA_Resazurin_32_T3_04072026_1336_g65","T3","NIFA_Resazurin_32_T3_04072026_1336_g65","C9",2026-07-04 13:36:00,20260704,65
"279","C","10","7604","NIFA_Resazurin_32_T3_04072026_1336_g65","T3","NIFA_Resazurin_32_T3_04072026_1336_g65","C10",2026-07-04 13:36:00,20260704,65
"280","C","11","1403","NIFA_Resazurin_32_T3_04072026_1336_g65","T3","NIFA_Resazurin_32_T3_04072026_1336_g65","C11",2026-07-04 13:36:00,20260704,65
"281","C","12","5303","NIFA_Resazurin_32_T3_04072026_1336_g65","T3","NIFA_Resazurin_32_T3_04072026_1336_g65","C12",2026-07-04 13:36:00,20260704,65
"282","D","1","23098","NIFA_Resazurin_32_T3_04072026_1336_g65","T3","NIFA_Resazurin_32_T3_04072026_1336_g65","D1",2026-07-04 13:36:00,20260704,65
"283","D","2","10067","NIFA_Resazurin_32_T3_04072026_1336_g65","T3","NIFA_Resazurin_32_T3_04072026_1336_g65","D2",2026-07-04 13:36:00,20260704,65
"284","D","3","17900","NIFA_Resazurin_32_T3_04072026_1336_g65","T3","NIFA_Resazurin_32_T3_04072026_1336_g65","D3",2026-07-04 13:36:00,20260704,65
"285","D","4","11126","NIFA_Resazurin_32_T3_04072026_1336_g65","T3","NIFA_Resazurin_32_T3_04072026_1336_g65","D4",2026-07-04 13:36:00,20260704,65
"286","D","5","7510","NIFA_Resazurin_32_T3_04072026_1336_g65","T3","NIFA_Resazurin_32_T3_04072026_1336_g65","D5",2026-07-04 13:36:00,20260704,65
"287","D","6","15499","NIFA_Resazurin_32_T3_04072026_1336_g65","T3","NIFA_Resazurin_32_T3_04072026_1336_g65","D6",2026-07-04 13:36:00,20260704,65
"288","D","7","7940","NIFA_Resazurin_32_T3_04072026_1336_g65","T3","NIFA_Resazurin_32_T3_04072026_1336_g65","D7",2026-07-04 13:36:00,20260704,65
"289","D","8","882","NIFA_Resazurin_32_T3_04072026_1336_g65","T3","NIFA_Resazurin_32_T3_04072026_1336_g65","D8",2026-07-04 13:36:00,20260704,65
"290","D","9","14503","NIFA_Resazurin_32_T3_04072026_1336_g65","T3","NIFA_Resazurin_32_T3_04072026_1336_g65","D9",2026-07-04 13:36:00,20260704,65
"291","D","10","8769","NIFA_Resazurin_32_T3_04072026_1336_g65","T3","NIFA_Resazurin_32_T3_04072026_1336_g65","D10",2026-07-04 13:36:00,20260704,65
"292","D","11","6113","NIFA_Resazurin_32_T3_04072026_1336_g65","T3","NIFA_Resazurin_32_T3_04072026_1336_g65","D11",2026-07-04 13:36:00,20260704,65
"293","D","12","5842","NIFA_Resazurin_32_T3_04072026_1336_g65","T3","NIFA_Resazurin_32_T3_04072026_1336_g65","D12",2026-07-04 13:36:00,20260704,65
"294","E","1","12132","NIFA_Resazurin_32_T3_04072026_1336_g65","T3","NIFA_Resazurin_32_T3_04072026_1336_g65","E1",2026-07-04 13:36:00,20260704,65
"295","E","2","10604","NIFA_Resazurin_32_T3_04072026_1336_g65","T3","NIFA_Resazurin_32_T3_04072026_1336_g65","E2",2026-07-04 13:36:00,20260704,65
"296","E","4","9982","NIFA_Resazurin_32_T3_04072026_1336_g65","T3","NIFA_Resazurin_32_T3_04072026_1336_g65","E4",2026-07-04 13:36:00,20260704,65
"297","E","5","11393","NIFA_Resazurin_32_T3_04072026_1336_g65","T3","NIFA_Resazurin_32_T3_04072026_1336_g65","E5",2026-07-04 13:36:00,20260704,65
"298","E","6","18079","NIFA_Resazurin_32_T3_04072026_1336_g65","T3","NIFA_Resazurin_32_T3_04072026_1336_g65","E6",2026-07-04 13:36:00,20260704,65
"299","E","7","5252","NIFA_Resazurin_32_T3_04072026_1336_g65","T3","NIFA_Resazurin_32_T3_04072026_1336_g65","E7",2026-07-04 13:36:00,20260704,65
"300","E","8","3344","NIFA_Resazurin_32_T3_04072026_1336_g65","T3","NIFA_Resazurin_32_T3_04072026_1336_g65","E8",2026-07-04 13:36:00,20260704,65
"301","E","9","8616","NIFA_Resazurin_32_T3_04072026_1336_g65","T3","NIFA_Resazurin_32_T3_04072026_1336_g65","E9",2026-07-04 13:36:00,20260704,65
"302","E","10","8200","NIFA_Resazurin_32_T3_04072026_1336_g65","T3","NIFA_Resazurin_32_T3_04072026_1336_g65","E10",2026-07-04 13:36:00,20260704,65
"303","E","11","7497","NIFA_Resazurin_32_T3_04072026_1336_g65","T3","NIFA_Resazurin_32_T3_04072026_1336_g65","E11",2026-07-04 13:36:00,20260704,65
"304","E","12","6923","NIFA_Resazurin_32_T3_04072026_1336_g65","T3","NIFA_Resazurin_32_T3_04072026_1336_g65","E12",2026-07-04 13:36:00,20260704,65
"305","F","1","10874","NIFA_Resazurin_32_T3_04072026_1336_g65","T3","NIFA_Resazurin_32_T3_04072026_1336_g65","F1",2026-07-04 13:36:00,20260704,65
"306","F","2","6382","NIFA_Resazurin_32_T3_04072026_1336_g65","T3","NIFA_Resazurin_32_T3_04072026_1336_g65","F2",2026-07-04 13:36:00,20260704,65
"307","F","3","3190","NIFA_Resazurin_32_T3_04072026_1336_g65","T3","NIFA_Resazurin_32_T3_04072026_1336_g65","F3",2026-07-04 13:36:00,20260704,65
"308","F","4","3106","NIFA_Resazurin_32_T3_04072026_1336_g65","T3","NIFA_Resazurin_32_T3_04072026_1336_g65","F4",2026-07-04 13:36:00,20260704,65
"309","F","5","20445","NIFA_Resazurin_32_T3_04072026_1336_g65","T3","NIFA_Resazurin_32_T3_04072026_1336_g65","F5",2026-07-04 13:36:00,20260704,65
"310","F","6","18196","NIFA_Resazurin_32_T3_04072026_1336_g65","T3","NIFA_Resazurin_32_T3_04072026_1336_g65","F6",2026-07-04 13:36:00,20260704,65
"311","F","7","10742","NIFA_Resazurin_32_T3_04072026_1336_g65","T3","NIFA_Resazurin_32_T3_04072026_1336_g65","F7",2026-07-04 13:36:00,20260704,65
"312","F","8","8750","NIFA_Resazurin_32_T3_04072026_1336_g65","T3","NIFA_Resazurin_32_T3_04072026_1336_g65","F8",2026-07-04 13:36:00,20260704,65
"313","F","9","2992","NIFA_Resazurin_32_T3_04072026_1336_g65","T3","NIFA_Resazurin_32_T3_04072026_1336_g65","F9",2026-07-04 13:36:00,20260704,65
"314","F","10","4479","NIFA_Resazurin_32_T3_04072026_1336_g65","T3","NIFA_Resazurin_32_T3_04072026_1336_g65","F10",2026-07-04 13:36:00,20260704,65
"315","F","11","4631","NIFA_Resazurin_32_T3_04072026_1336_g65","T3","NIFA_Resazurin_32_T3_04072026_1336_g65","F11",2026-07-04 13:36:00,20260704,65
"316","F","12","9020","NIFA_Resazurin_32_T3_04072026_1336_g65","T3","NIFA_Resazurin_32_T3_04072026_1336_g65","F12",2026-07-04 13:36:00,20260704,65
"317","G","1","690","NIFA_Resazurin_32_T3_04072026_1336_g65","T3","NIFA_Resazurin_32_T3_04072026_1336_g65","G1",2026-07-04 13:36:00,20260704,65
"318","G","2","9082","NIFA_Resazurin_32_T3_04072026_1336_g65","T3","NIFA_Resazurin_32_T3_04072026_1336_g65","G2",2026-07-04 13:36:00,20260704,65
"319","G","3","610","NIFA_Resazurin_32_T3_04072026_1336_g65","T3","NIFA_Resazurin_32_T3_04072026_1336_g65","G3",2026-07-04 13:36:00,20260704,65
"320","G","4","1104","NIFA_Resazurin_32_T3_04072026_1336_g65","T3","NIFA_Resazurin_32_T3_04072026_1336_g65","G4",2026-07-04 13:36:00,20260704,65
"321","G","5","592","NIFA_Resazurin_32_T3_04072026_1336_g65","T3","NIFA_Resazurin_32_T3_04072026_1336_g65","G5",2026-07-04 13:36:00,20260704,65
"322","G","6","1701","NIFA_Resazurin_32_T3_04072026_1336_g65","T3","NIFA_Resazurin_32_T3_04072026_1336_g65","G6",2026-07-04 13:36:00,20260704,65
"323","G","7","602","NIFA_Resazurin_32_T3_04072026_1336_g65","T3","NIFA_Resazurin_32_T3_04072026_1336_g65","G7",2026-07-04 13:36:00,20260704,65
"324","G","8","865","NIFA_Resazurin_32_T3_04072026_1336_g65","T3","NIFA_Resazurin_32_T3_04072026_1336_g65","G8",2026-07-04 13:36:00,20260704,65
"325","G","9","603","NIFA_Resazurin_32_T3_04072026_1336_g65","T3","NIFA_Resazurin_32_T3_04072026_1336_g65","G9",2026-07-04 13:36:00,20260704,65
"326","G","10","1476","NIFA_Resazurin_32_T3_04072026_1336_g65","T3","NIFA_Resazurin_32_T3_04072026_1336_g65","G10",2026-07-04 13:36:00,20260704,65
"327","G","11","591","NIFA_Resazurin_32_T3_04072026_1336_g65","T3","NIFA_Resazurin_32_T3_04072026_1336_g65","G11",2026-07-04 13:36:00,20260704,65
"328","G","12","2314","NIFA_Resazurin_32_T3_04072026_1336_g65","T3","NIFA_Resazurin_32_T3_04072026_1336_g65","G12",2026-07-04 13:36:00,20260704,65
"329","A","1","16757","NIFA_Resazurin_32_T4_04072026_1435_g65","T4","NIFA_Resazurin_32_T4_04072026_1435_g65","A1",2026-07-04 14:35:00,20260704,65
"330","A","2","22648","NIFA_Resazurin_32_T4_04072026_1435_g65","T4","NIFA_Resazurin_32_T4_04072026_1435_g65","A2",2026-07-04 14:35:00,20260704,65
"331","A","3","16059","NIFA_Resazurin_32_T4_04072026_1435_g65","T4","NIFA_Resazurin_32_T4_04072026_1435_g65","A3",2026-07-04 14:35:00,20260704,65
"332","A","4","28830","NIFA_Resazurin_32_T4_04072026_1435_g65","T4","NIFA_Resazurin_32_T4_04072026_1435_g65","A4",2026-07-04 14:35:00,20260704,65
"333","A","5","23900","NIFA_Resazurin_32_T4_04072026_1435_g65","T4","NIFA_Resazurin_32_T4_04072026_1435_g65","A5",2026-07-04 14:35:00,20260704,65
"334","A","6","8376","NIFA_Resazurin_32_T4_04072026_1435_g65","T4","NIFA_Resazurin_32_T4_04072026_1435_g65","A6",2026-07-04 14:35:00,20260704,65
"335","A","7","8554","NIFA_Resazurin_32_T4_04072026_1435_g65","T4","NIFA_Resazurin_32_T4_04072026_1435_g65","A7",2026-07-04 14:35:00,20260704,65
"336","A","8","6004","NIFA_Resazurin_32_T4_04072026_1435_g65","T4","NIFA_Resazurin_32_T4_04072026_1435_g65","A8",2026-07-04 14:35:00,20260704,65
"337","A","9","5317","NIFA_Resazurin_32_T4_04072026_1435_g65","T4","NIFA_Resazurin_32_T4_04072026_1435_g65","A9",2026-07-04 14:35:00,20260704,65
"338","A","10","4957","NIFA_Resazurin_32_T4_04072026_1435_g65","T4","NIFA_Resazurin_32_T4_04072026_1435_g65","A10",2026-07-04 14:35:00,20260704,65
"339","A","11","15916","NIFA_Resazurin_32_T4_04072026_1435_g65","T4","NIFA_Resazurin_32_T4_04072026_1435_g65","A11",2026-07-04 14:35:00,20260704,65
"340","A","12","1983","NIFA_Resazurin_32_T4_04072026_1435_g65","T4","NIFA_Resazurin_32_T4_04072026_1435_g65","A12",2026-07-04 14:35:00,20260704,65
"341","B","1","43673","NIFA_Resazurin_32_T4_04072026_1435_g65","T4","NIFA_Resazurin_32_T4_04072026_1435_g65","B1",2026-07-04 14:35:00,20260704,65
"342","B","2","14844","NIFA_Resazurin_32_T4_04072026_1435_g65","T4","NIFA_Resazurin_32_T4_04072026_1435_g65","B2",2026-07-04 14:35:00,20260704,65
"343","B","3","9443","NIFA_Resazurin_32_T4_04072026_1435_g65","T4","NIFA_Resazurin_32_T4_04072026_1435_g65","B3",2026-07-04 14:35:00,20260704,65
"344","B","4","9417","NIFA_Resazurin_32_T4_04072026_1435_g65","T4","NIFA_Resazurin_32_T4_04072026_1435_g65","B4",2026-07-04 14:35:00,20260704,65
"345","B","5","7282","NIFA_Resazurin_32_T4_04072026_1435_g65","T4","NIFA_Resazurin_32_T4_04072026_1435_g65","B5",2026-07-04 14:35:00,20260704,65
"346","B","6","21721","NIFA_Resazurin_32_T4_04072026_1435_g65","T4","NIFA_Resazurin_32_T4_04072026_1435_g65","B6",2026-07-04 14:35:00,20260704,65
"347","B","7","14342","NIFA_Resazurin_32_T4_04072026_1435_g65","T4","NIFA_Resazurin_32_T4_04072026_1435_g65","B7",2026-07-04 14:35:00,20260704,65
"348","B","8","20575","NIFA_Resazurin_32_T4_04072026_1435_g65","T4","NIFA_Resazurin_32_T4_04072026_1435_g65","B8",2026-07-04 14:35:00,20260704,65
"349","B","9","16431","NIFA_Resazurin_32_T4_04072026_1435_g65","T4","NIFA_Resazurin_32_T4_04072026_1435_g65","B9",2026-07-04 14:35:00,20260704,65
"350","B","11","14366","NIFA_Resazurin_32_T4_04072026_1435_g65","T4","NIFA_Resazurin_32_T4_04072026_1435_g65","B11",2026-07-04 14:35:00,20260704,65
"351","B","12","11310","NIFA_Resazurin_32_T4_04072026_1435_g65","T4","NIFA_Resazurin_32_T4_04072026_1435_g65","B12",2026-07-04 14:35:00,20260704,65
"352","C","1","19452","NIFA_Resazurin_32_T4_04072026_1435_g65","T4","NIFA_Resazurin_32_T4_04072026_1435_g65","C1",2026-07-04 14:35:00,20260704,65
"353","C","2","13586","NIFA_Resazurin_32_T4_04072026_1435_g65","T4","NIFA_Resazurin_32_T4_04072026_1435_g65","C2",2026-07-04 14:35:00,20260704,65
"354","C","3","18473","NIFA_Resazurin_32_T4_04072026_1435_g65","T4","NIFA_Resazurin_32_T4_04072026_1435_g65","C3",2026-07-04 14:35:00,20260704,65
"355","C","4","7389","NIFA_Resazurin_32_T4_04072026_1435_g65","T4","NIFA_Resazurin_32_T4_04072026_1435_g65","C4",2026-07-04 14:35:00,20260704,65
"356","C","5","6897","NIFA_Resazurin_32_T4_04072026_1435_g65","T4","NIFA_Resazurin_32_T4_04072026_1435_g65","C5",2026-07-04 14:35:00,20260704,65
"357","C","6","11586","NIFA_Resazurin_32_T4_04072026_1435_g65","T4","NIFA_Resazurin_32_T4_04072026_1435_g65","C6",2026-07-04 14:35:00,20260704,65
"358","C","7","6780","NIFA_Resazurin_32_T4_04072026_1435_g65","T4","NIFA_Resazurin_32_T4_04072026_1435_g65","C7",2026-07-04 14:35:00,20260704,65
"359","C","8","8701","NIFA_Resazurin_32_T4_04072026_1435_g65","T4","NIFA_Resazurin_32_T4_04072026_1435_g65","C8",2026-07-04 14:35:00,20260704,65
"360","C","9","15999","NIFA_Resazurin_32_T4_04072026_1435_g65","T4","NIFA_Resazurin_32_T4_04072026_1435_g65","C9",2026-07-04 14:35:00,20260704,65
"361","C","10","7773","NIFA_Resazurin_32_T4_04072026_1435_g65","T4","NIFA_Resazurin_32_T4_04072026_1435_g65","C10",2026-07-04 14:35:00,20260704,65
"362","C","11","1451","NIFA_Resazurin_32_T4_04072026_1435_g65","T4","NIFA_Resazurin_32_T4_04072026_1435_g65","C11",2026-07-04 14:35:00,20260704,65
"363","C","12","5767","NIFA_Resazurin_32_T4_04072026_1435_g65","T4","NIFA_Resazurin_32_T4_04072026_1435_g65","C12",2026-07-04 14:35:00,20260704,65
"364","D","1","29963","NIFA_Resazurin_32_T4_04072026_1435_g65","T4","NIFA_Resazurin_32_T4_04072026_1435_g65","D1",2026-07-04 14:35:00,20260704,65
"365","D","2","11690","NIFA_Resazurin_32_T4_04072026_1435_g65","T4","NIFA_Resazurin_32_T4_04072026_1435_g65","D2",2026-07-04 14:35:00,20260704,65
"366","D","3","19824","NIFA_Resazurin_32_T4_04072026_1435_g65","T4","NIFA_Resazurin_32_T4_04072026_1435_g65","D3",2026-07-04 14:35:00,20260704,65
"367","D","4","14103","NIFA_Resazurin_32_T4_04072026_1435_g65","T4","NIFA_Resazurin_32_T4_04072026_1435_g65","D4",2026-07-04 14:35:00,20260704,65
"368","D","5","8681","NIFA_Resazurin_32_T4_04072026_1435_g65","T4","NIFA_Resazurin_32_T4_04072026_1435_g65","D5",2026-07-04 14:35:00,20260704,65
"369","D","6","18306","NIFA_Resazurin_32_T4_04072026_1435_g65","T4","NIFA_Resazurin_32_T4_04072026_1435_g65","D6",2026-07-04 14:35:00,20260704,65
"370","D","7","8655","NIFA_Resazurin_32_T4_04072026_1435_g65","T4","NIFA_Resazurin_32_T4_04072026_1435_g65","D7",2026-07-04 14:35:00,20260704,65
"371","D","8","951","NIFA_Resazurin_32_T4_04072026_1435_g65","T4","NIFA_Resazurin_32_T4_04072026_1435_g65","D8",2026-07-04 14:35:00,20260704,65
"372","D","9","18760","NIFA_Resazurin_32_T4_04072026_1435_g65","T4","NIFA_Resazurin_32_T4_04072026_1435_g65","D9",2026-07-04 14:35:00,20260704,65
"373","D","10","9268","NIFA_Resazurin_32_T4_04072026_1435_g65","T4","NIFA_Resazurin_32_T4_04072026_1435_g65","D10",2026-07-04 14:35:00,20260704,65
"374","D","11","7085","NIFA_Resazurin_32_T4_04072026_1435_g65","T4","NIFA_Resazurin_32_T4_04072026_1435_g65","D11",2026-07-04 14:35:00,20260704,65
"375","D","12","7362","NIFA_Resazurin_32_T4_04072026_1435_g65","T4","NIFA_Resazurin_32_T4_04072026_1435_g65","D12",2026-07-04 14:35:00,20260704,65
"376","E","1","15257","NIFA_Resazurin_32_T4_04072026_1435_g65","T4","NIFA_Resazurin_32_T4_04072026_1435_g65","E1",2026-07-04 14:35:00,20260704,65
"377","E","2","11128","NIFA_Resazurin_32_T4_04072026_1435_g65","T4","NIFA_Resazurin_32_T4_04072026_1435_g65","E2",2026-07-04 14:35:00,20260704,65
"378","E","4","12505","NIFA_Resazurin_32_T4_04072026_1435_g65","T4","NIFA_Resazurin_32_T4_04072026_1435_g65","E4",2026-07-04 14:35:00,20260704,65
"379","E","5","13103","NIFA_Resazurin_32_T4_04072026_1435_g65","T4","NIFA_Resazurin_32_T4_04072026_1435_g65","E5",2026-07-04 14:35:00,20260704,65
"380","E","6","18690","NIFA_Resazurin_32_T4_04072026_1435_g65","T4","NIFA_Resazurin_32_T4_04072026_1435_g65","E6",2026-07-04 14:35:00,20260704,65
"381","E","7","5503","NIFA_Resazurin_32_T4_04072026_1435_g65","T4","NIFA_Resazurin_32_T4_04072026_1435_g65","E7",2026-07-04 14:35:00,20260704,65
"382","E","8","4063","NIFA_Resazurin_32_T4_04072026_1435_g65","T4","NIFA_Resazurin_32_T4_04072026_1435_g65","E8",2026-07-04 14:35:00,20260704,65
"383","E","9","9319","NIFA_Resazurin_32_T4_04072026_1435_g65","T4","NIFA_Resazurin_32_T4_04072026_1435_g65","E9",2026-07-04 14:35:00,20260704,65
"384","E","10","9201","NIFA_Resazurin_32_T4_04072026_1435_g65","T4","NIFA_Resazurin_32_T4_04072026_1435_g65","E10",2026-07-04 14:35:00,20260704,65
"385","E","11","7954","NIFA_Resazurin_32_T4_04072026_1435_g65","T4","NIFA_Resazurin_32_T4_04072026_1435_g65","E11",2026-07-04 14:35:00,20260704,65
"386","E","12","9021","NIFA_Resazurin_32_T4_04072026_1435_g65","T4","NIFA_Resazurin_32_T4_04072026_1435_g65","E12",2026-07-04 14:35:00,20260704,65
"387","F","1","11541","NIFA_Resazurin_32_T4_04072026_1435_g65","T4","NIFA_Resazurin_32_T4_04072026_1435_g65","F1",2026-07-04 14:35:00,20260704,65
"388","F","2","8538","NIFA_Resazurin_32_T4_04072026_1435_g65","T4","NIFA_Resazurin_32_T4_04072026_1435_g65","F2",2026-07-04 14:35:00,20260704,65
"389","F","3","3939","NIFA_Resazurin_32_T4_04072026_1435_g65","T4","NIFA_Resazurin_32_T4_04072026_1435_g65","F3",2026-07-04 14:35:00,20260704,65
"390","F","4","3615","NIFA_Resazurin_32_T4_04072026_1435_g65","T4","NIFA_Resazurin_32_T4_04072026_1435_g65","F4",2026-07-04 14:35:00,20260704,65
"391","F","5","30374","NIFA_Resazurin_32_T4_04072026_1435_g65","T4","NIFA_Resazurin_32_T4_04072026_1435_g65","F5",2026-07-04 14:35:00,20260704,65
"392","F","6","19297","NIFA_Resazurin_32_T4_04072026_1435_g65","T4","NIFA_Resazurin_32_T4_04072026_1435_g65","F6",2026-07-04 14:35:00,20260704,65
"393","F","7","11554","NIFA_Resazurin_32_T4_04072026_1435_g65","T4","NIFA_Resazurin_32_T4_04072026_1435_g65","F7",2026-07-04 14:35:00,20260704,65
"394","F","8","8821","NIFA_Resazurin_32_T4_04072026_1435_g65","T4","NIFA_Resazurin_32_T4_04072026_1435_g65","F8",2026-07-04 14:35:00,20260704,65
"395","F","9","3524","NIFA_Resazurin_32_T4_04072026_1435_g65","T4","NIFA_Resazurin_32_T4_04072026_1435_g65","F9",2026-07-04 14:35:00,20260704,65
"396","F","10","5298","NIFA_Resazurin_32_T4_04072026_1435_g65","T4","NIFA_Resazurin_32_T4_04072026_1435_g65","F10",2026-07-04 14:35:00,20260704,65
"397","F","11","5732","NIFA_Resazurin_32_T4_04072026_1435_g65","T4","NIFA_Resazurin_32_T4_04072026_1435_g65","F11",2026-07-04 14:35:00,20260704,65
"398","F","12","9109","NIFA_Resazurin_32_T4_04072026_1435_g65","T4","NIFA_Resazurin_32_T4_04072026_1435_g65","F12",2026-07-04 14:35:00,20260704,65
"399","G","1","669","NIFA_Resazurin_32_T4_04072026_1435_g65","T4","NIFA_Resazurin_32_T4_04072026_1435_g65","G1",2026-07-04 14:35:00,20260704,65
"400","G","2","10018","NIFA_Resazurin_32_T4_04072026_1435_g65","T4","NIFA_Resazurin_32_T4_04072026_1435_g65","G2",2026-07-04 14:35:00,20260704,65
"401","G","3","607","NIFA_Resazurin_32_T4_04072026_1435_g65","T4","NIFA_Resazurin_32_T4_04072026_1435_g65","G3",2026-07-04 14:35:00,20260704,65
"402","G","4","1232","NIFA_Resazurin_32_T4_04072026_1435_g65","T4","NIFA_Resazurin_32_T4_04072026_1435_g65","G4",2026-07-04 14:35:00,20260704,65
"403","G","5","595","NIFA_Resazurin_32_T4_04072026_1435_g65","T4","NIFA_Resazurin_32_T4_04072026_1435_g65","G5",2026-07-04 14:35:00,20260704,65
"404","G","6","1951","NIFA_Resazurin_32_T4_04072026_1435_g65","T4","NIFA_Resazurin_32_T4_04072026_1435_g65","G6",2026-07-04 14:35:00,20260704,65
"405","G","7","608","NIFA_Resazurin_32_T4_04072026_1435_g65","T4","NIFA_Resazurin_32_T4_04072026_1435_g65","G7",2026-07-04 14:35:00,20260704,65
"406","G","8","932","NIFA_Resazurin_32_T4_04072026_1435_g65","T4","NIFA_Resazurin_32_T4_04072026_1435_g65","G8",2026-07-04 14:35:00,20260704,65
"407","G","9","612","NIFA_Resazurin_32_T4_04072026_1435_g65","T4","NIFA_Resazurin_32_T4_04072026_1435_g65","G9",2026-07-04 14:35:00,20260704,65
"408","G","10","1403","NIFA_Resazurin_32_T4_04072026_1435_g65","T4","NIFA_Resazurin_32_T4_04072026_1435_g65","G10",2026-07-04 14:35:00,20260704,65
"409","G","11","603","NIFA_Resazurin_32_T4_04072026_1435_g65","T4","NIFA_Resazurin_32_T4_04072026_1435_g65","G11",2026-07-04 14:35:00,20260704,65
"410","G","12","2639","NIFA_Resazurin_32_T4_04072026_1435_g65","T4","NIFA_Resazurin_32_T4_04072026_1435_g65","G12",2026-07-04 14:35:00,20260704,65
"411","A","1","19431","NIFA_Resazurin_32_T5_04072026_1540_g65","T5","NIFA_Resazurin_32_T5_04072026_1540_g65","A1",2026-07-04 15:40:00,20260704,65
"412","A","2","27932","NIFA_Resazurin_32_T5_04072026_1540_g65","T5","NIFA_Resazurin_32_T5_04072026_1540_g65","A2",2026-07-04 15:40:00,20260704,65
"413","A","3","19330","NIFA_Resazurin_32_T5_04072026_1540_g65","T5","NIFA_Resazurin_32_T5_04072026_1540_g65","A3",2026-07-04 15:40:00,20260704,65
"414","A","4","34391","NIFA_Resazurin_32_T5_04072026_1540_g65","T5","NIFA_Resazurin_32_T5_04072026_1540_g65","A4",2026-07-04 15:40:00,20260704,65
"415","A","5","31551","NIFA_Resazurin_32_T5_04072026_1540_g65","T5","NIFA_Resazurin_32_T5_04072026_1540_g65","A5",2026-07-04 15:40:00,20260704,65
"416","A","6","10166","NIFA_Resazurin_32_T5_04072026_1540_g65","T5","NIFA_Resazurin_32_T5_04072026_1540_g65","A6",2026-07-04 15:40:00,20260704,65
"417","A","7","15923","NIFA_Resazurin_32_T5_04072026_1540_g65","T5","NIFA_Resazurin_32_T5_04072026_1540_g65","A7",2026-07-04 15:40:00,20260704,65
"418","A","8","7057","NIFA_Resazurin_32_T5_04072026_1540_g65","T5","NIFA_Resazurin_32_T5_04072026_1540_g65","A8",2026-07-04 15:40:00,20260704,65
"419","A","9","6946","NIFA_Resazurin_32_T5_04072026_1540_g65","T5","NIFA_Resazurin_32_T5_04072026_1540_g65","A9",2026-07-04 15:40:00,20260704,65
"420","A","10","5888","NIFA_Resazurin_32_T5_04072026_1540_g65","T5","NIFA_Resazurin_32_T5_04072026_1540_g65","A10",2026-07-04 15:40:00,20260704,65
"421","A","11","21324","NIFA_Resazurin_32_T5_04072026_1540_g65","T5","NIFA_Resazurin_32_T5_04072026_1540_g65","A11",2026-07-04 15:40:00,20260704,65
"422","A","12","2919","NIFA_Resazurin_32_T5_04072026_1540_g65","T5","NIFA_Resazurin_32_T5_04072026_1540_g65","A12",2026-07-04 15:40:00,20260704,65
"423","B","1","56211","NIFA_Resazurin_32_T5_04072026_1540_g65","T5","NIFA_Resazurin_32_T5_04072026_1540_g65","B1",2026-07-04 15:40:00,20260704,65
"424","B","2","23679","NIFA_Resazurin_32_T5_04072026_1540_g65","T5","NIFA_Resazurin_32_T5_04072026_1540_g65","B2",2026-07-04 15:40:00,20260704,65
"425","B","3","15011","NIFA_Resazurin_32_T5_04072026_1540_g65","T5","NIFA_Resazurin_32_T5_04072026_1540_g65","B3",2026-07-04 15:40:00,20260704,65
"426","B","4","11757","NIFA_Resazurin_32_T5_04072026_1540_g65","T5","NIFA_Resazurin_32_T5_04072026_1540_g65","B4",2026-07-04 15:40:00,20260704,65
"427","B","5","11489","NIFA_Resazurin_32_T5_04072026_1540_g65","T5","NIFA_Resazurin_32_T5_04072026_1540_g65","B5",2026-07-04 15:40:00,20260704,65
"428","B","6","26738","NIFA_Resazurin_32_T5_04072026_1540_g65","T5","NIFA_Resazurin_32_T5_04072026_1540_g65","B6",2026-07-04 15:40:00,20260704,65
"429","B","7","15330","NIFA_Resazurin_32_T5_04072026_1540_g65","T5","NIFA_Resazurin_32_T5_04072026_1540_g65","B7",2026-07-04 15:40:00,20260704,65
"430","B","8","23934","NIFA_Resazurin_32_T5_04072026_1540_g65","T5","NIFA_Resazurin_32_T5_04072026_1540_g65","B8",2026-07-04 15:40:00,20260704,65
"431","B","9","20671","NIFA_Resazurin_32_T5_04072026_1540_g65","T5","NIFA_Resazurin_32_T5_04072026_1540_g65","B9",2026-07-04 15:40:00,20260704,65
"432","B","11","17193","NIFA_Resazurin_32_T5_04072026_1540_g65","T5","NIFA_Resazurin_32_T5_04072026_1540_g65","B11",2026-07-04 15:40:00,20260704,65
"433","B","12","13517","NIFA_Resazurin_32_T5_04072026_1540_g65","T5","NIFA_Resazurin_32_T5_04072026_1540_g65","B12",2026-07-04 15:40:00,20260704,65
"434","C","1","28087","NIFA_Resazurin_32_T5_04072026_1540_g65","T5","NIFA_Resazurin_32_T5_04072026_1540_g65","C1",2026-07-04 15:40:00,20260704,65
"435","C","2","24814","NIFA_Resazurin_32_T5_04072026_1540_g65","T5","NIFA_Resazurin_32_T5_04072026_1540_g65","C2",2026-07-04 15:40:00,20260704,65
"436","C","3","24018","NIFA_Resazurin_32_T5_04072026_1540_g65","T5","NIFA_Resazurin_32_T5_04072026_1540_g65","C3",2026-07-04 15:40:00,20260704,65
"437","C","4","8341","NIFA_Resazurin_32_T5_04072026_1540_g65","T5","NIFA_Resazurin_32_T5_04072026_1540_g65","C4",2026-07-04 15:40:00,20260704,65
"438","C","5","8301","NIFA_Resazurin_32_T5_04072026_1540_g65","T5","NIFA_Resazurin_32_T5_04072026_1540_g65","C5",2026-07-04 15:40:00,20260704,65
"439","C","6","13806","NIFA_Resazurin_32_T5_04072026_1540_g65","T5","NIFA_Resazurin_32_T5_04072026_1540_g65","C6",2026-07-04 15:40:00,20260704,65
"440","C","7","7994","NIFA_Resazurin_32_T5_04072026_1540_g65","T5","NIFA_Resazurin_32_T5_04072026_1540_g65","C7",2026-07-04 15:40:00,20260704,65
"441","C","8","9379","NIFA_Resazurin_32_T5_04072026_1540_g65","T5","NIFA_Resazurin_32_T5_04072026_1540_g65","C8",2026-07-04 15:40:00,20260704,65
"442","C","9","18359","NIFA_Resazurin_32_T5_04072026_1540_g65","T5","NIFA_Resazurin_32_T5_04072026_1540_g65","C9",2026-07-04 15:40:00,20260704,65
"443","C","10","8290","NIFA_Resazurin_32_T5_04072026_1540_g65","T5","NIFA_Resazurin_32_T5_04072026_1540_g65","C10",2026-07-04 15:40:00,20260704,65
"444","C","11","2228","NIFA_Resazurin_32_T5_04072026_1540_g65","T5","NIFA_Resazurin_32_T5_04072026_1540_g65","C11",2026-07-04 15:40:00,20260704,65
"445","C","12","6769","NIFA_Resazurin_32_T5_04072026_1540_g65","T5","NIFA_Resazurin_32_T5_04072026_1540_g65","C12",2026-07-04 15:40:00,20260704,65
"446","D","1","44569","NIFA_Resazurin_32_T5_04072026_1540_g65","T5","NIFA_Resazurin_32_T5_04072026_1540_g65","D1",2026-07-04 15:40:00,20260704,65
"447","D","2","13646","NIFA_Resazurin_32_T5_04072026_1540_g65","T5","NIFA_Resazurin_32_T5_04072026_1540_g65","D2",2026-07-04 15:40:00,20260704,65
"448","D","3","22335","NIFA_Resazurin_32_T5_04072026_1540_g65","T5","NIFA_Resazurin_32_T5_04072026_1540_g65","D3",2026-07-04 15:40:00,20260704,65
"449","D","4","16954","NIFA_Resazurin_32_T5_04072026_1540_g65","T5","NIFA_Resazurin_32_T5_04072026_1540_g65","D4",2026-07-04 15:40:00,20260704,65
"450","D","5","11602","NIFA_Resazurin_32_T5_04072026_1540_g65","T5","NIFA_Resazurin_32_T5_04072026_1540_g65","D5",2026-07-04 15:40:00,20260704,65
"451","D","6","20453","NIFA_Resazurin_32_T5_04072026_1540_g65","T5","NIFA_Resazurin_32_T5_04072026_1540_g65","D6",2026-07-04 15:40:00,20260704,65
"452","D","7","9642","NIFA_Resazurin_32_T5_04072026_1540_g65","T5","NIFA_Resazurin_32_T5_04072026_1540_g65","D7",2026-07-04 15:40:00,20260704,65
"453","D","8","1064","NIFA_Resazurin_32_T5_04072026_1540_g65","T5","NIFA_Resazurin_32_T5_04072026_1540_g65","D8",2026-07-04 15:40:00,20260704,65
"454","D","9","23142","NIFA_Resazurin_32_T5_04072026_1540_g65","T5","NIFA_Resazurin_32_T5_04072026_1540_g65","D9",2026-07-04 15:40:00,20260704,65
"455","D","10","9803","NIFA_Resazurin_32_T5_04072026_1540_g65","T5","NIFA_Resazurin_32_T5_04072026_1540_g65","D10",2026-07-04 15:40:00,20260704,65
"456","D","11","8923","NIFA_Resazurin_32_T5_04072026_1540_g65","T5","NIFA_Resazurin_32_T5_04072026_1540_g65","D11",2026-07-04 15:40:00,20260704,65
"457","D","12","8257","NIFA_Resazurin_32_T5_04072026_1540_g65","T5","NIFA_Resazurin_32_T5_04072026_1540_g65","D12",2026-07-04 15:40:00,20260704,65
"458","E","1","22605","NIFA_Resazurin_32_T5_04072026_1540_g65","T5","NIFA_Resazurin_32_T5_04072026_1540_g65","E1",2026-07-04 15:40:00,20260704,65
"459","E","2","12952","NIFA_Resazurin_32_T5_04072026_1540_g65","T5","NIFA_Resazurin_32_T5_04072026_1540_g65","E2",2026-07-04 15:40:00,20260704,65
"460","E","4","16499","NIFA_Resazurin_32_T5_04072026_1540_g65","T5","NIFA_Resazurin_32_T5_04072026_1540_g65","E4",2026-07-04 15:40:00,20260704,65
"461","E","5","16629","NIFA_Resazurin_32_T5_04072026_1540_g65","T5","NIFA_Resazurin_32_T5_04072026_1540_g65","E5",2026-07-04 15:40:00,20260704,65
"462","E","6","24537","NIFA_Resazurin_32_T5_04072026_1540_g65","T5","NIFA_Resazurin_32_T5_04072026_1540_g65","E6",2026-07-04 15:40:00,20260704,65
"463","E","7","6307","NIFA_Resazurin_32_T5_04072026_1540_g65","T5","NIFA_Resazurin_32_T5_04072026_1540_g65","E7",2026-07-04 15:40:00,20260704,65
"464","E","8","11737","NIFA_Resazurin_32_T5_04072026_1540_g65","T5","NIFA_Resazurin_32_T5_04072026_1540_g65","E8",2026-07-04 15:40:00,20260704,65
"465","E","9","9981","NIFA_Resazurin_32_T5_04072026_1540_g65","T5","NIFA_Resazurin_32_T5_04072026_1540_g65","E9",2026-07-04 15:40:00,20260704,65
"466","E","10","9356","NIFA_Resazurin_32_T5_04072026_1540_g65","T5","NIFA_Resazurin_32_T5_04072026_1540_g65","E10",2026-07-04 15:40:00,20260704,65
"467","E","11","9230","NIFA_Resazurin_32_T5_04072026_1540_g65","T5","NIFA_Resazurin_32_T5_04072026_1540_g65","E11",2026-07-04 15:40:00,20260704,65
"468","E","12","9760","NIFA_Resazurin_32_T5_04072026_1540_g65","T5","NIFA_Resazurin_32_T5_04072026_1540_g65","E12",2026-07-04 15:40:00,20260704,65
"469","F","1","14438","NIFA_Resazurin_32_T5_04072026_1540_g65","T5","NIFA_Resazurin_32_T5_04072026_1540_g65","F1",2026-07-04 15:40:00,20260704,65
"470","F","2","9837","NIFA_Resazurin_32_T5_04072026_1540_g65","T5","NIFA_Resazurin_32_T5_04072026_1540_g65","F2",2026-07-04 15:40:00,20260704,65
"471","F","3","4620","NIFA_Resazurin_32_T5_04072026_1540_g65","T5","NIFA_Resazurin_32_T5_04072026_1540_g65","F3",2026-07-04 15:40:00,20260704,65
"472","F","4","4159","NIFA_Resazurin_32_T5_04072026_1540_g65","T5","NIFA_Resazurin_32_T5_04072026_1540_g65","F4",2026-07-04 15:40:00,20260704,65
"473","F","5","46875","NIFA_Resazurin_32_T5_04072026_1540_g65","T5","NIFA_Resazurin_32_T5_04072026_1540_g65","F5",2026-07-04 15:40:00,20260704,65
"474","F","6","23166","NIFA_Resazurin_32_T5_04072026_1540_g65","T5","NIFA_Resazurin_32_T5_04072026_1540_g65","F6",2026-07-04 15:40:00,20260704,65
"475","F","7","13180","NIFA_Resazurin_32_T5_04072026_1540_g65","T5","NIFA_Resazurin_32_T5_04072026_1540_g65","F7",2026-07-04 15:40:00,20260704,65
"476","F","8","9338","NIFA_Resazurin_32_T5_04072026_1540_g65","T5","NIFA_Resazurin_32_T5_04072026_1540_g65","F8",2026-07-04 15:40:00,20260704,65
"477","F","9","4156","NIFA_Resazurin_32_T5_04072026_1540_g65","T5","NIFA_Resazurin_32_T5_04072026_1540_g65","F9",2026-07-04 15:40:00,20260704,65
"478","F","10","5796","NIFA_Resazurin_32_T5_04072026_1540_g65","T5","NIFA_Resazurin_32_T5_04072026_1540_g65","F10",2026-07-04 15:40:00,20260704,65
"479","F","11","7904","NIFA_Resazurin_32_T5_04072026_1540_g65","T5","NIFA_Resazurin_32_T5_04072026_1540_g65","F11",2026-07-04 15:40:00,20260704,65
"480","F","12","13378","NIFA_Resazurin_32_T5_04072026_1540_g65","T5","NIFA_Resazurin_32_T5_04072026_1540_g65","F12",2026-07-04 15:40:00,20260704,65
"481","G","1","698","NIFA_Resazurin_32_T5_04072026_1540_g65","T5","NIFA_Resazurin_32_T5_04072026_1540_g65","G1",2026-07-04 15:40:00,20260704,65
"482","G","2","11109","NIFA_Resazurin_32_T5_04072026_1540_g65","T5","NIFA_Resazurin_32_T5_04072026_1540_g65","G2",2026-07-04 15:40:00,20260704,65
"483","G","3","623","NIFA_Resazurin_32_T5_04072026_1540_g65","T5","NIFA_Resazurin_32_T5_04072026_1540_g65","G3",2026-07-04 15:40:00,20260704,65
"484","G","4","1020","NIFA_Resazurin_32_T5_04072026_1540_g65","T5","NIFA_Resazurin_32_T5_04072026_1540_g65","G4",2026-07-04 15:40:00,20260704,65
"485","G","5","623","NIFA_Resazurin_32_T5_04072026_1540_g65","T5","NIFA_Resazurin_32_T5_04072026_1540_g65","G5",2026-07-04 15:40:00,20260704,65
"486","G","6","2169","NIFA_Resazurin_32_T5_04072026_1540_g65","T5","NIFA_Resazurin_32_T5_04072026_1540_g65","G6",2026-07-04 15:40:00,20260704,65
"487","G","7","603","NIFA_Resazurin_32_T5_04072026_1540_g65","T5","NIFA_Resazurin_32_T5_04072026_1540_g65","G7",2026-07-04 15:40:00,20260704,65
"488","G","8","1016","NIFA_Resazurin_32_T5_04072026_1540_g65","T5","NIFA_Resazurin_32_T5_04072026_1540_g65","G8",2026-07-04 15:40:00,20260704,65
"489","G","9","614","NIFA_Resazurin_32_T5_04072026_1540_g65","T5","NIFA_Resazurin_32_T5_04072026_1540_g65","G9",2026-07-04 15:40:00,20260704,65
"490","G","10","1633","NIFA_Resazurin_32_T5_04072026_1540_g65","T5","NIFA_Resazurin_32_T5_04072026_1540_g65","G10",2026-07-04 15:40:00,20260704,65
"491","G","11","607","NIFA_Resazurin_32_T5_04072026_1540_g65","T5","NIFA_Resazurin_32_T5_04072026_1540_g65","G11",2026-07-04 15:40:00,20260704,65
"492","G","12","3065","NIFA_Resazurin_32_T5_04072026_1540_g65","T5","NIFA_Resazurin_32_T5_04072026_1540_g65","G12",2026-07-04 15:40:00,20260704,65
