"","Date","Age","Treatment","PlateID","Well","Family","Family_EBV","Count","AUC","AUC.cor","AUC.cor.norm"
"1",20260320,"72hpf","32C","plate_1_high","A2",55,"Low",20,348.366666666667,23.5166666666667,1.17583333333334
"2",20260320,"72hpf","32C","plate_1_high","A4",57,"Low",32,502.625,177.775,5.55546875
"3",20260320,"72hpf","32C","plate_1_high","A5",53,"Low",39,685.4,360.55,9.2448717948718
"4",20260320,"72hpf","32C","plate_1_high","A6",52,"Low",30,540.816666666667,215.966666666667,7.19888888888889
"5",20260320,"72hpf","32C","plate_1_high","A7",1,"High",24,563.125,238.275,9.928125
"6",20260320,"72hpf","32C","plate_1_high","A8",4,"High",22,454.791666666667,129.941666666667,5.9064393939394
"7",20260320,"72hpf","32C","plate_1_high","A10",5,"High",27,563.316666666667,238.466666666667,8.8320987654321
"8",20260320,"72hpf","32C","plate_1_high","A11",8,"High",29,658.308333333333,333.458333333333,11.4985632183908
"9",20260320,"72hpf","32C","plate_1_high","A12",3,"High",35,1038.14166666667,713.291666666667,20.3797619047619
"10",20260320,"72hpf","32C","plate_1_high","B1",54,"Low",50,929.191666666667,604.341666666667,12.0868333333333
"11",20260320,"72hpf","32C","plate_1_high","B2",55,"Low",34,442.325,117.475,3.45514705882353
"12",20260320,"72hpf","32C","plate_1_high","B3",56,"Low",8,346.05,21.2,2.65000000000001
"13",20260320,"72hpf","32C","plate_1_high","B4",57,"Low",56,605.633333333333,280.783333333333,5.0139880952381
"14",20260320,"72hpf","32C","plate_1_high","B5",53,"Low",27,474.241666666667,149.391666666667,5.53302469135802
"15",20260320,"72hpf","32C","plate_1_high","B6",52,"Low",40,504.891666666667,180.041666666667,4.50104166666667
"16",20260320,"72hpf","32C","plate_1_high","B7",1,"High",20,413.741666666667,88.8916666666667,4.44458333333333
"17",20260320,"72hpf","32C","plate_1_high","B8",4,"High",15,372.266666666667,47.4166666666667,3.16111111111112
"18",20260320,"72hpf","32C","plate_1_high","B9",6,"High",16,400.025,75.1750000000001,4.6984375
"19",20260320,"72hpf","32C","plate_1_high","B11",8,"High",14,627.7,302.85,21.6321428571428
"20",20260320,"72hpf","32C","plate_1_high","B12",3,"High",8,929.508333333333,604.658333333333,75.5822916666667
"21",20260320,"72hpf","32C","plate_1_high","C2",55,"Low",68,836.108333333333,511.258333333333,7.51850490196079
"22",20260320,"72hpf","32C","plate_1_high","C3",56,"Low",13,657.108333333333,332.258333333333,25.5583333333333
"23",20260320,"72hpf","32C","plate_1_high","C4",57,"Low",54,700.608333333333,375.758333333333,6.95848765432099
"24",20260320,"72hpf","32C","plate_1_high","C5",53,"Low",50,795.783333333333,470.933333333333,9.41866666666667
"25",20260320,"72hpf","32C","plate_1_high","C6",52,"Low",49,758.608333333333,433.758333333333,8.85221088435374
"26",20260320,"72hpf","32C","plate_1_high","C7",1,"High",31,532.733333333333,207.883333333333,6.70591397849462
"27",20260320,"72hpf","32C","plate_1_high","C8",4,"High",39,657.241666666667,332.391666666667,8.52286324786325
"28",20260320,"72hpf","32C","plate_1_high","C9",6,"High",25,476.341666666667,151.491666666667,6.05966666666667
"29",20260320,"72hpf","32C","plate_1_high","C10",5,"High",56,918.908333333333,594.058333333333,10.6081845238095
"30",20260320,"72hpf","32C","plate_1_high","C11",8,"High",70,1278.05833333333,953.208333333333,13.6172619047619
"31",20260320,"72hpf","32C","plate_1_high","C12",3,"High",49,1906.525,1581.675,32.2790816326531
"32",20260320,"72hpf","32C","plate_1_high","D1",54,"Low",9,395.408333333333,70.5583333333334,7.83981481481482
"33",20260320,"72hpf","32C","plate_1_high","D2",55,"Low",64,709.858333333333,385.008333333333,6.01575520833333
"34",20260320,"72hpf","32C","plate_1_high","D3",56,"Low",15,335.358333333333,10.5083333333334,0.700555555555559
"35",20260320,"72hpf","32C","plate_1_high","D4",57,"Low",62,580.683333333333,255.833333333333,4.12634408602151
"36",20260320,"72hpf","32C","plate_1_high","D5",53,"Low",91,1123.20833333333,798.358333333333,8.77316849816849
"37",20260320,"72hpf","32C","plate_1_high","D6",52,"Low",57,796.75,471.9,8.27894736842105
"38",20260320,"72hpf","32C","plate_1_high","D7",1,"High",39,618.758333333333,293.908333333333,7.53611111111111
"39",20260320,"72hpf","32C","plate_1_high","D8",4,"High",37,586.758333333333,261.908333333333,7.0786036036036
"40",20260320,"72hpf","32C","plate_1_high","D9",6,"High",26,496.15,171.3,6.58846153846154
"41",20260320,"72hpf","32C","plate_1_high","D10",5,"High",36,779.233333333333,454.383333333333,12.6217592592593
"42",20260320,"72hpf","32C","plate_1_high","D11",8,"High",66,1306.85,982,14.8787878787879
"43",20260320,"72hpf","32C","plate_1_high","D12",3,"High",46,2117.16666666667,1792.31666666667,38.9634057971014
"44",20260320,"72hpf","32C","plate_1_high","E1",54,"Low",51,634.408333333333,309.558333333333,6.06977124183007
"45",20260320,"72hpf","32C","plate_1_high","E2",55,"Low",85,908.25,583.4,6.8635294117647
"46",20260320,"72hpf","32C","plate_1_high","E3",56,"Low",15,338.033333333333,13.1833333333333,0.878888888888889
"47",20260320,"72hpf","32C","plate_1_high","E4",57,"Low",120,1236.33333333333,911.483333333333,7.59569444444444
"48",20260320,"72hpf","32C","plate_1_high","E5",53,"Low",22,517.308333333333,192.458333333333,8.74810606060606
"49",20260320,"72hpf","32C","plate_1_high","E6",52,"Low",72,922.758333333333,597.908333333334,8.30428240740741
"50",20260320,"72hpf","32C","plate_1_high","E7",1,"High",51,704.466666666667,379.616666666667,7.44346405228758
"51",20260320,"72hpf","32C","plate_1_high","E8",4,"High",53,750.033333333333,425.183333333333,8.02232704402516
"52",20260320,"72hpf","32C","plate_1_high","E9",6,"High",25,470.525,145.675,5.827
"53",20260320,"72hpf","32C","plate_1_high","E10",5,"High",66,1199.31666666667,874.466666666666,13.2494949494949
"54",20260320,"72hpf","32C","plate_1_high","E11",8,"High",60,1421.68333333333,1096.83333333333,18.2805555555556
"55",20260320,"72hpf","32C","plate_1_high","E12",3,"High",11,1784.44166666667,1459.59166666667,132.690151515151
"56",20260320,"72hpf","32C","plate_1_high","F1",54,"Low",32,643.658333333333,318.808333333333,9.96276041666667
"57",20260320,"72hpf","32C","plate_1_high","F2",55,"Low",53,639.833333333333,314.983333333333,5.94308176100629
"58",20260320,"72hpf","32C","plate_1_high","F3",56,"Low",20,438.25,113.4,5.67
"59",20260320,"72hpf","32C","plate_1_high","F4",57,"Low",113,1336.6,1011.75,8.95353982300885
"60",20260320,"72hpf","32C","plate_1_high","F5",53,"Low",69,1118.45833333333,793.608333333333,11.5015700483092
"61",20260320,"72hpf","32C","plate_1_high","F6",52,"Low",75,989.925,665.075,8.86766666666666
"62",20260320,"72hpf","32C","plate_1_high","F7",1,"High",53,753.6,428.75,8.08962264150943
"63",20260320,"72hpf","32C","plate_1_high","F8",4,"High",37,650,325.15,8.78783783783784
"64",20260320,"72hpf","32C","plate_1_high","F9",6,"High",24,448.975,124.125,5.171875
"65",20260320,"72hpf","32C","plate_1_high","F10",5,"High",52,896.058333333333,571.208333333333,10.9847756410256
"66",20260320,"72hpf","32C","plate_1_high","F11",8,"High",55,1404.86666666667,1080.01666666667,19.6366666666667
"67",20260320,"72hpf","32C","plate_1_high","F12",3,"High",42,2430.13333333333,2105.28333333333,50.1257936507936
"68",20260320,"72hpf","32C","plate_1_high","G2",55,"Low",76,922.591666666667,597.741666666667,7.86502192982456
"69",20260320,"72hpf","32C","plate_1_high","G3",56,"Low",15,675.233333333333,350.383333333333,23.3588888888889
"70",20260320,"72hpf","32C","plate_1_high","G4",57,"Low",104,1273.525,948.675,9.121875
"71",20260320,"72hpf","32C","plate_1_high","G5",53,"Low",105,1491.99166666667,1167.14166666667,11.1156349206349
"72",20260320,"72hpf","32C","plate_1_high","G6",52,"Low",92,1265.275,940.425,10.2220108695652
"73",20260320,"72hpf","32C","plate_1_high","G7",1,"High",55,837.258333333333,512.408333333333,9.31651515151515
"74",20260320,"72hpf","32C","plate_1_high","G8",4,"High",39,735.483333333333,410.633333333333,10.5290598290598
"75",20260320,"72hpf","32C","plate_1_high","G9",6,"High",72,552.541666666667,227.691666666667,3.16238425925926
"76",20260320,"72hpf","32C","plate_1_high","G10",5,"High",91,1432.7,1107.85,12.1741758241758
"77",20260320,"72hpf","32C","plate_1_high","G11",8,"High",69,1503.88333333333,1179.03333333333,17.0874396135266
"78",20260320,"72hpf","32C","plate_1_high","G12",3,"High",34,2166.43333333333,1841.58333333333,54.1642156862745
"79",20260320,"72hpf","26C","plate_1_low","A1",54,"Low",4,357.791666666667,1.24621212121207,0.311553030303017
"80",20260320,"72hpf","26C","plate_1_low","A4",57,"Low",9,399.458333333333,42.9128787878788,4.76809764309764
"81",20260320,"72hpf","26C","plate_1_low","A10",5,"High",1,426.875,70.3295454545454,70.3295454545454
"82",20260320,"72hpf","26C","plate_1_low","A11",8,"High",1,411.125,54.5795454545455,54.5795454545455
"83",20260320,"72hpf","26C","plate_1_low","A12",3,"High",2,361.183333333333,4.63787878787878,2.31893939393939
"84",20260320,"72hpf","26C","plate_1_low","B4",57,"Low",22,602.116666666667,245.571212121212,11.1623278236915
"85",20260320,"72hpf","26C","plate_1_low","B10",5,"High",1,414.05,57.5045454545455,57.5045454545455
"86",20260320,"72hpf","26C","plate_1_low","C4",57,"Low",21,653.35,296.804545454545,14.1335497835498
"87",20260320,"72hpf","26C","plate_1_low","C5",53,"Low",10,548.208333333333,191.662878787879,19.1662878787879
"88",20260320,"72hpf","26C","plate_1_low","C6",52,"Low",3,368.983333333333,12.4378787878787,4.14595959595958
"89",20260320,"72hpf","26C","plate_1_low","C8",4,"High",7,415.458333333333,58.9128787878788,8.41612554112554
"90",20260320,"72hpf","26C","plate_1_low","C9",6,"High",7,377.275,20.7295454545455,2.96136363636365
"91",20260320,"72hpf","26C","plate_1_low","C10",5,"High",9,498.866666666667,142.321212121212,15.813468013468
"92",20260320,"72hpf","26C","plate_1_low","D4",57,"Low",50,750.775,394.229545454545,7.88459090909091
"93",20260320,"72hpf","26C","plate_1_low","D9",6,"High",33,554.658333333333,198.112878787879,6.00342056932966
"94",20260320,"72hpf","26C","plate_1_low","E2",55,"Low",28,364.933333333333,8.38787878787878,0.299567099567099
"95",20260320,"72hpf","26C","plate_1_low","E4",57,"Low",56,559.741666666667,203.196212121212,3.62850378787879
"96",20260320,"72hpf","26C","plate_1_low","E5",53,"Low",35,547.583333333333,191.037878787879,5.45822510822511
"97",20260320,"72hpf","26C","plate_1_low","E7",1,"High",2,646.25,289.704545454545,144.852272727273
"98",20260320,"72hpf","26C","plate_1_low","E10",5,"High",17,367.283333333333,10.7378787878787,0.63163992869875
"99",20260320,"72hpf","26C","plate_1_low","E12",3,"High",58,671.541666666667,314.996212121212,5.43096917450365
"100",20260320,"72hpf","26C","plate_1_low","F5",53,"Low",67,710.183333333334,353.637878787879,5.27817729534148
"101",20260320,"72hpf","26C","plate_1_low","F6",52,"Low",24,482.091666666667,125.546212121212,5.23109217171717
"102",20260320,"72hpf","26C","plate_1_low","F7",1,"High",9,965.933333333334,609.387878787879,67.7097643097644
"103",20260320,"72hpf","26C","plate_1_low","F10",5,"High",34,429.1,72.5545454545453,2.13395721925133
"104",20260320,"72hpf","26C","plate_1_low","F12",3,"High",31,431.633333333333,75.0878787878788,2.42218963831867
"105",20260320,"72hpf","26C","plate_1_low","G1",54,"Low",36,410.608333333333,54.0628787878787,1.50174663299663
"106",20260320,"72hpf","26C","plate_1_low","G2",55,"Low",70,672.208333333333,315.662878787879,4.5094696969697
"107",20260320,"72hpf","26C","plate_1_low","G4",57,"Low",57,675.766666666667,319.221212121212,5.60037214247741
"108",20260320,"72hpf","26C","plate_1_low","G5",53,"Low",31,691.85,335.304545454545,10.816275659824
"109",20260320,"72hpf","26C","plate_1_low","G6",52,"Low",20,592.258333333333,235.712878787879,11.7856439393939
"110",20260320,"72hpf","26C","plate_1_low","G9",6,"High",16,571.725,215.179545454545,13.4487215909091
"111",20260320,"72hpf","26C","plate_1_low","G10",5,"High",70,844.016666666667,487.471212121212,6.96387445887446
"112",20260320,"72hpf","26C","plate_1_low","G11",8,"High",9,409.491666666667,52.9462121212121,5.88291245791246
"113",20260320,"72hpf","26C","plate_1_low","G12",3,"High",16,402.266666666667,45.7212121212121,2.85757575757576
"114",20260320,"72hpf","32C","plate_2_high","A1",54,"Low",35,585.458333333333,381.084848484849,10.8881385281385
"115",20260320,"72hpf","32C","plate_2_high","A2",55,"Low",26,386.408333333333,182.034848484849,7.00134032634033
"116",20260320,"72hpf","32C","plate_2_high","A3",56,"Low",53,584.141666666667,379.768181818182,7.16543739279589
"117",20260320,"72hpf","32C","plate_2_high","A4",57,"Low",35,457.033333333333,252.659848484849,7.21885281385282
"118",20260320,"72hpf","32C","plate_2_high","A5",53,"Low",43,692.858333333333,488.484848484848,11.3601127554616
"119",20260320,"72hpf","32C","plate_2_high","A6",52,"Low",48,704.916666666667,500.543181818182,10.4279829545455
"120",20260320,"72hpf","32C","plate_2_high","A7",1,"High",126,1512.63333333333,1308.25984848485,10.3830146705147
"121",20260320,"72hpf","32C","plate_2_high","A8",4,"High",30,547.35,342.976515151515,11.4325505050505
"122",20260320,"72hpf","32C","plate_2_high","A9",6,"High",40,678.991666666667,474.618181818182,11.8654545454545
"123",20260320,"72hpf","32C","plate_2_high","A10",5,"High",69,1161.10833333333,956.734848484849,13.8657224418094
"124",20260320,"72hpf","32C","plate_2_high","A11",8,"High",44,1122.85833333333,918.484848484848,20.8746556473829
"125",20260320,"72hpf","32C","plate_2_high","A12",3,"High",32,1382.84166666667,1178.46818181818,36.8271306818182
"126",20260320,"72hpf","32C","plate_2_high","B1",54,"Low",36,442.15,237.776515151515,6.6049031986532
"127",20260320,"72hpf","32C","plate_2_high","B2",55,"Low",41,411.266666666667,206.893181818182,5.04617516629712
"128",20260320,"72hpf","32C","plate_2_high","B3",56,"Low",53,538.491666666667,334.118181818182,6.3041166380789
"129",20260320,"72hpf","32C","plate_2_high","B4",57,"Low",13,245.583333333333,41.2098484848485,3.16998834498834
"130",20260320,"72hpf","32C","plate_2_high","B5",53,"Low",37,564.558333333333,360.184848484849,9.73472563472564
"131",20260320,"72hpf","32C","plate_2_high","B6",52,"Low",48,497.233333333333,292.859848484848,6.10124684343434
"132",20260320,"72hpf","32C","plate_2_high","B7",1,"High",98,1053.8,849.426515151515,8.66761750154607
"133",20260320,"72hpf","32C","plate_2_high","B8",4,"High",27,475.991666666667,271.618181818182,10.0599326599327
"134",20260320,"72hpf","32C","plate_2_high","B9",6,"High",32,584.283333333333,379.909848484849,11.8721827651515
"135",20260320,"72hpf","32C","plate_2_high","B10",5,"High",112,1341.61666666667,1137.24318181818,10.1539569805195
"136",20260320,"72hpf","32C","plate_2_high","B11",8,"High",76,1348.15833333333,1143.78484848485,15.0498006379585
"137",20260320,"72hpf","32C","plate_2_high","B12",3,"High",54,1811.35,1606.97651515152,29.7588243546577
"138",20260320,"72hpf","32C","plate_2_high","C1",54,"Low",52,533.941666666667,329.568181818182,6.33784965034965
"139",20260320,"72hpf","32C","plate_2_high","C2",55,"Low",38,343.9,139.526515151515,3.67175039872409
"140",20260320,"72hpf","32C","plate_2_high","C3",56,"Low",119,1057.55,853.176515151515,7.16955054749173
"141",20260320,"72hpf","32C","plate_2_high","C4",57,"Low",34,342.116666666667,137.743181818182,4.05127005347594
"142",20260320,"72hpf","32C","plate_2_high","C5",53,"Low",39,440.791666666667,236.418181818182,6.06200466200466
"143",20260320,"72hpf","32C","plate_2_high","C6",52,"Low",48,490.141666666667,285.768181818182,5.95350378787879
"144",20260320,"72hpf","32C","plate_2_high","C7",1,"High",165,1481.23333333333,1276.85984848485,7.73854453627181
"145",20260320,"72hpf","32C","plate_2_high","C8",4,"High",36,492.25,287.876515151515,7.99656986531987
"146",20260320,"72hpf","32C","plate_2_high","C9",6,"High",60,796.075,591.701515151515,9.86169191919192
"147",20260320,"72hpf","32C","plate_2_high","C10",5,"High",121,1505.15833333333,1300.78484848485,10.750288004007
"148",20260320,"72hpf","32C","plate_2_high","C11",8,"High",90,1783.26666666667,1578.89318181818,17.5432575757576
"149",20260320,"72hpf","32C","plate_2_high","C12",3,"High",59,2651.8,2447.42651515151,41.4818053415511
"150",20260320,"72hpf","32C","plate_2_high","D1",54,"Low",77,768.983333333333,564.609848484848,7.33259543486816
"151",20260320,"72hpf","32C","plate_2_high","D2",55,"Low",26,329.433333333333,125.059848484849,4.80999417249418
"152",20260320,"72hpf","32C","plate_2_high","D3",56,"Low",87,769.433333333334,565.059848484849,6.49494078718217
"153",20260320,"72hpf","32C","plate_2_high","D4",57,"Low",54,507.775,303.401515151515,5.61854657687991
"154",20260320,"72hpf","32C","plate_2_high","D5",53,"Low",57,695.116666666667,490.743181818182,8.60952950558214
"155",20260320,"72hpf","32C","plate_2_high","D6",52,"Low",68,921.866666666667,717.493181818182,10.5513703208556
"156",20260320,"72hpf","32C","plate_2_high","D7",1,"High",156,2235.95,2031.57651515151,13.0229263791764
"157",20260320,"72hpf","32C","plate_2_high","D8",4,"High",28,1802.24166666667,1597.86818181818,57.0667207792208
"158",20260320,"72hpf","32C","plate_2_high","D9",6,"High",73,988.575,784.201515151515,10.7424865089249
"159",20260320,"72hpf","32C","plate_2_high","D10",5,"High",90,1415.88333333333,1211.50984848485,13.4612205387205
"160",20260320,"72hpf","32C","plate_2_high","D11",8,"High",62,1738.76666666667,1534.39318181818,24.7482771260997
"161",20260320,"72hpf","32C","plate_2_high","E1",54,"Low",134,1257.34166666667,1052.96818181818,7.85797150610583
"162",20260320,"72hpf","32C","plate_2_high","E2",55,"Low",45,460.916666666667,256.543181818182,5.7009595959596
"163",20260320,"72hpf","32C","plate_2_high","E3",56,"Low",128,1213.20833333333,1008.83484848485,7.88152225378788
"164",20260320,"72hpf","32C","plate_2_high","E5",53,"Low",88,921.116666666667,716.743181818182,8.14480888429752
"165",20260320,"72hpf","32C","plate_2_high","E6",52,"Low",73,761.141666666667,556.768181818182,7.62696139476961
"166",20260320,"72hpf","32C","plate_2_high","E7",1,"High",168,1578.13333333333,1373.75984848485,8.17714195526696
"167",20260320,"72hpf","32C","plate_2_high","E8",4,"High",49,729.05,524.676515151515,10.707683982684
"168",20260320,"72hpf","32C","plate_2_high","E10",5,"High",106,1663.81666666667,1459.44318181818,13.7683319039451
"169",20260320,"72hpf","32C","plate_2_high","E11",8,"High",72,1911.65,1707.27651515152,23.7121738215488
"170",20260320,"72hpf","32C","plate_2_high","F1",54,"Low",27,415.583333333333,211.209848484848,7.82258698092031
"171",20260320,"72hpf","32C","plate_2_high","F2",55,"Low",19,333.883333333333,129.509848484848,6.81630781499203
"172",20260320,"72hpf","32C","plate_2_high","F3",56,"Low",62,589.083333333333,384.709848484849,6.20499755620723
"173",20260320,"72hpf","32C","plate_2_high","F4",57,"Low",67,639.85,435.476515151515,6.49964947987336
"174",20260320,"72hpf","32C","plate_2_high","F6",52,"Low",65,658.966666666667,454.593181818182,6.99374125874126
"175",20260320,"72hpf","32C","plate_2_high","F7",1,"High",130,1115.31666666667,910.943181818182,7.00725524475525
"176",20260320,"72hpf","32C","plate_2_high","F8",4,"High",41,630.7,426.326515151515,10.3982076866223
"177",20260320,"72hpf","32C","plate_2_high","F10",5,"High",109,1539.54166666667,1335.16818181818,12.2492493744787
"178",20260320,"72hpf","32C","plate_2_high","F11",8,"High",51,1594.425,1390.05151515152,27.2559120617944
"179",20260320,"72hpf","32C","plate_2_high","G1",54,"Low",17,295.025,90.6515151515152,5.33244206773619
"180",20260320,"72hpf","32C","plate_2_high","G3",56,"Low",9,256.583333333333,52.2098484848485,5.80109427609427
"181",20260320,"72hpf","32C","plate_2_high","G6",52,"Low",85,834.358333333333,629.984848484848,7.41158645276292
"182",20260320,"72hpf","32C","plate_2_high","G7",1,"High",127,1183.55833333333,979.184848484849,7.71011691720353
"183",20260320,"72hpf","32C","plate_2_high","G8",4,"High",52,702.525,498.151515151515,9.57983682983683
"184",20260320,"72hpf","32C","plate_2_high","G9",6,"High",57,896.566666666667,692.193181818182,12.1437400318979
"185",20260320,"72hpf","32C","plate_2_high","G12",3,"High",54,2391.3,2186.92651515152,40.4986391694725
"186",20260320,"72hpf","26C","plate_2_low","A1",54,"Low",24,409.566666666667,184.278125,7.67825520833334
"187",20260320,"72hpf","26C","plate_2_low","A2",55,"Low",80,744.275,518.986458333333,6.48733072916667
"188",20260320,"72hpf","26C","plate_2_low","A3",56,"Low",15,230.233333333333,4.94479166666667,0.329652777777778
"189",20260320,"72hpf","26C","plate_2_low","A4",57,"Low",84,826.45,601.161458333333,7.15668402777778
"190",20260320,"72hpf","26C","plate_2_low","A5",53,"Low",61,638.9,413.611458333333,6.78051571038251
"191",20260320,"72hpf","26C","plate_2_low","A6",52,"Low",46,552.341666666667,327.053125,7.10985054347826
"192",20260320,"72hpf","26C","plate_2_low","A7",1,"High",11,359.008333333333,133.719791666667,12.1563446969697
"193",20260320,"72hpf","26C","plate_2_low","A8",4,"High",16,404.016666666667,178.728125,11.1705078125
"194",20260320,"72hpf","26C","plate_2_low","A9",6,"High",36,524.583333333333,299.294791666667,8.31374421296296
"195",20260320,"72hpf","26C","plate_2_low","A10",5,"High",48,853.891666666667,628.603125,13.0958984375
"196",20260320,"72hpf","26C","plate_2_low","A11",8,"High",19,624.666666666667,399.378125,21.0199013157895
"197",20260320,"72hpf","26C","plate_2_low","A12",3,"High",7,561.658333333333,336.369791666667,48.0528273809524
"198",20260320,"72hpf","26C","plate_2_low","B1",54,"Low",9,241.741666666667,16.4531250000001,1.82812500000001
"199",20260320,"72hpf","26C","plate_2_low","B2",55,"Low",66,578.616666666667,353.328125,5.35345643939394
"200",20260320,"72hpf","26C","plate_2_low","B4",57,"Low",65,525.758333333333,300.469791666667,4.62261217948718
"201",20260320,"72hpf","26C","plate_2_low","B5",53,"Low",56,544.183333333333,318.894791666667,5.69454985119048
"202",20260320,"72hpf","26C","plate_2_low","B6",52,"Low",49,603.583333333333,378.294791666667,7.7203018707483
"203",20260320,"72hpf","26C","plate_2_low","B7",1,"High",26,409.783333333333,184.494791666667,7.09595352564103
"204",20260320,"72hpf","26C","plate_2_low","B9",6,"High",34,351.141666666667,125.853125,3.7015625
"205",20260320,"72hpf","26C","plate_2_low","B10",5,"High",54,1037.16666666667,811.878125,15.0347800925926
"206",20260320,"72hpf","26C","plate_2_low","B12",3,"High",1,322.525,97.2364583333334,97.2364583333334
"207",20260320,"72hpf","26C","plate_2_low","C1",54,"Low",9,235.75,10.4614583333333,1.16238425925926
"208",20260320,"72hpf","26C","plate_2_low","C2",55,"Low",68,644.758333333333,419.469791666667,6.16867340686275
"209",20260320,"72hpf","26C","plate_2_low","C3",56,"Low",35,384.866666666667,159.578125,4.559375
"210",20260320,"72hpf","26C","plate_2_low","C4",57,"Low",98,822.525,597.236458333333,6.09424957482993
"211",20260320,"72hpf","26C","plate_2_low","C5",53,"Low",70,662.8,437.511458333333,6.25016369047619
"212",20260320,"72hpf","26C","plate_2_low","C6",52,"Low",43,459.216666666667,233.928125,5.44018895348837
"213",20260320,"72hpf","26C","plate_2_low","C7",1,"High",36,515.1,289.811458333333,8.05031828703704
"214",20260320,"72hpf","26C","plate_2_low","C8",4,"High",35,1046.425,821.136458333334,23.4610416666667
"215",20260320,"72hpf","26C","plate_2_low","C10",5,"High",23,303.25,77.9614583333334,3.38962862318841
"216",20260320,"72hpf","26C","plate_2_low","C11",8,"High",112,895.683333333333,670.394791666667,5.9856677827381
"217",20260320,"72hpf","26C","plate_2_low","D1",54,"Low",6,227.641666666667,2.35312500000003,0.392187500000006
"218",20260320,"72hpf","26C","plate_2_low","D2",55,"Low",96,766.675,541.386458333334,5.63944227430556
"219",20260320,"72hpf","26C","plate_2_low","D3",56,"Low",1,254.45,29.1614583333333,29.1614583333333
"220",20260320,"72hpf","26C","plate_2_low","D5",53,"Low",74,780.991666666667,555.703125,7.50950168918919
"221",20260320,"72hpf","26C","plate_2_low","D7",1,"High",67,721,495.711458333334,7.39867848258707
"222",20260320,"72hpf","26C","plate_2_low","D8",4,"High",33,365.725,140.436458333333,4.25565025252525
"223",20260320,"72hpf","26C","plate_2_low","D10",5,"High",69,601.5,376.211458333333,5.45233997584541
"224",20260320,"72hpf","26C","plate_2_low","D11",8,"High",92,887.958333333333,662.669791666667,7.20293251811594
"225",20260320,"72hpf","26C","plate_2_low","E1",54,"Low",33,369.133333333333,143.844791666667,4.35893308080808
"226",20260320,"72hpf","26C","plate_2_low","E2",55,"Low",116,725.916666666667,500.628125,4.31575969827586
"227",20260320,"72hpf","26C","plate_2_low","E3",56,"Low",18,343.408333333333,118.119791666667,6.56221064814815
"228",20260320,"72hpf","26C","plate_2_low","E4",57,"Low",84,894.258333333333,668.969791666667,7.96392609126984
"229",20260320,"72hpf","26C","plate_2_low","E5",53,"Low",68,795.891666666667,570.603125,8.39122242647059
"230",20260320,"72hpf","26C","plate_2_low","E6",52,"Low",43,546.3,321.011458333334,7.46538275193799
"231",20260320,"72hpf","26C","plate_2_low","E7",1,"High",64,631.241666666667,405.953125,6.343017578125
"232",20260320,"72hpf","26C","plate_2_low","E8",4,"High",34,472.308333333333,247.019791666667,7.26528799019608
"233",20260320,"72hpf","26C","plate_2_low","E10",5,"High",85,702.95,477.661458333333,5.61954656862745
"234",20260320,"72hpf","26C","plate_2_low","E11",8,"High",94,991.033333333333,765.744791666667,8.14622118794326
"235",20260320,"72hpf","26C","plate_2_low","F1",54,"Low",29,392.366666666667,167.078125,5.76131465517241
"236",20260320,"72hpf","26C","plate_2_low","F3",56,"Low",22,389.975,164.686458333333,7.48574810606061
"237",20260320,"72hpf","26C","plate_2_low","F4",57,"Low",83,906.4,681.111458333333,8.20616214859438
"238",20260320,"72hpf","26C","plate_2_low","F6",52,"Low",36,437.15,211.861458333333,5.88504050925926
"239",20260320,"72hpf","26C","plate_2_low","F7",1,"High",14,948.216666666667,722.928125,51.6377232142857
"240",20260320,"72hpf","26C","plate_2_low","F8",4,"High",42,543.066666666667,317.778125,7.56614583333334
"241",20260320,"72hpf","26C","plate_2_low","F10",5,"High",71,531.616666666667,306.328125,4.31448063380282
"242",20260320,"72hpf","26C","plate_2_low","F11",8,"High",76,805.841666666667,580.553125,7.63885690789474
"243",20260320,"72hpf","26C","plate_2_low","F12",3,"High",52,563.541666666667,338.253125,6.50486778846154
"244",20260320,"72hpf","26C","plate_2_low","G1",54,"Low",31,367.691666666667,142.403125,4.59364919354839
"245",20260320,"72hpf","26C","plate_2_low","G2",55,"Low",115,959.05,733.761458333334,6.38053442028986
"246",20260320,"72hpf","26C","plate_2_low","G4",57,"Low",82,875.383333333333,650.094791666667,7.92798526422764
"247",20260320,"72hpf","26C","plate_2_low","G6",52,"Low",49,643.241666666667,417.953125,8.5296556122449
"248",20260320,"72hpf","26C","plate_2_low","G7",1,"High",31,614.25,388.961458333333,12.5471438172043
"249",20260320,"72hpf","26C","plate_2_low","G10",5,"High",99,880.975,655.686458333334,6.62309553872054
"250",20260320,"72hpf","26C","plate_2_low","G11",8,"High",78,832.875,607.586458333334,7.78956997863248
"251",20260320,"72hpf","26C","plate_2_low","G12",3,"High",40,617.541666666667,392.253125,9.806328125
"252",20260401,"360hpf","26C","plate_1_26","A1",1,"High",87,12603.7666666667,12477.1201388889,143.415174010217
"253",20260401,"360hpf","26C","plate_1_26","A2",3,"High",5,1015.25,888.603472222222,177.720694444444
"254",20260401,"360hpf","26C","plate_1_26","A3",4,"High",8,1216.45,1089.80347222222,136.225434027778
"255",20260401,"360hpf","26C","plate_1_26","A4",5,"High",29,4450.225,4323.57847222222,149.088912835249
"256",20260401,"360hpf","26C","plate_1_26","A5",6,"High",14,1937.35,1810.70347222222,129.335962301587
"257",20260401,"360hpf","26C","plate_1_26","A6",8,"High",58,5174.125,5047.47847222222,87.0254909003831
"258",20260401,"360hpf","26C","plate_1_26","A7",52,"Low",16,2961.225,2834.57847222222,177.161154513889
"259",20260401,"360hpf","26C","plate_1_26","A8",53,"Low",17,2374.65,2248.00347222222,132.235498366013
"260",20260401,"360hpf","26C","plate_1_26","A9",54,"Low",17,1997.30833333333,1870.66180555556,110.038929738562
"261",20260401,"360hpf","26C","plate_1_26","A10",55,"Low",54,8539.125,8412.47847222222,155.786638374486
"262",20260401,"360hpf","26C","plate_1_26","A11",56,"Low",36,5296.19166666667,5169.54513888889,143.598476080247
"263",20260401,"360hpf","26C","plate_1_26","A12",57,"Low",86,4079.81666666667,3953.17013888889,45.9670946382429
"264",20260401,"360hpf","26C","plate_1_26","B1",1,"High",28,4647.51666666667,4520.87013888889,161.45964781746
"265",20260401,"360hpf","26C","plate_1_26","B2",3,"High",22,1709.99166666667,1583.34513888889,71.9702335858586
"266",20260401,"360hpf","26C","plate_1_26","B3",4,"High",3,356.241666666667,229.595138888889,76.531712962963
"267",20260401,"360hpf","26C","plate_1_26","B4",5,"High",4,989.933333333333,863.286805555556,215.821701388889
"268",20260401,"360hpf","26C","plate_1_26","B5",6,"High",6,1067.9,941.253472222222,156.875578703704
"269",20260401,"360hpf","26C","plate_1_26","B6",8,"High",10,920.858333333333,794.211805555555,79.4211805555555
"270",20260401,"360hpf","26C","plate_1_26","B7",52,"Low",26,3920.60833333333,3793.96180555555,145.921607905983
"271",20260401,"360hpf","26C","plate_1_26","B8",53,"Low",6,589.766666666667,463.120138888889,77.1866898148148
"272",20260401,"360hpf","26C","plate_1_26","B9",54,"Low",26,3375.89166666667,3249.24513888889,124.970966880342
"273",20260401,"360hpf","26C","plate_1_26","B10",55,"Low",24,3427.56666666667,3300.92013888889,137.53833912037
"274",20260401,"360hpf","26C","plate_1_26","B11",56,"Low",17,1983.5,1856.85347222222,109.226674836601
"275",20260401,"360hpf","26C","plate_1_26","B12",57,"Low",14,694.625,567.978472222222,40.5698908730159
"276",20260401,"360hpf","26C","plate_1_26","C1",1,"High",14,1974.69166666667,1848.04513888889,132.003224206349
"277",20260401,"360hpf","26C","plate_1_26","C2",3,"High",18,1169.15,1042.50347222222,57.9168595679012
"278",20260401,"360hpf","26C","plate_1_26","C3",4,"High",7,1312.65,1186.00347222222,169.429067460317
"279",20260401,"360hpf","26C","plate_1_26","C4",5,"High",14,2140.65833333333,2014.01180555556,143.857986111111
"280",20260401,"360hpf","26C","plate_1_26","C5",6,"High",18,1716.54166666667,1589.89513888889,88.3275077160494
"281",20260401,"360hpf","26C","plate_1_26","C6",8,"High",6,856.916666666667,730.270138888889,121.711689814815
"282",20260401,"360hpf","26C","plate_1_26","C7",52,"Low",15,2867.79166666667,2741.14513888889,182.743009259259
"283",20260401,"360hpf","26C","plate_1_26","C8",53,"Low",14,1225.35833333333,1098.71180555556,78.4794146825397
"284",20260401,"360hpf","26C","plate_1_26","C9",54,"Low",19,2221.03333333333,2094.38680555556,110.230884502924
"285",20260401,"360hpf","26C","plate_1_26","C10",55,"Low",15,2130.18333333333,2003.53680555556,133.56912037037
"286",20260401,"360hpf","26C","plate_1_26","C11",56,"Low",13,1956.24166666667,1829.59513888889,140.738087606838
"287",20260401,"360hpf","26C","plate_1_26","C12",57,"Low",12,640.141666666667,513.495138888889,42.7912615740741
"288",20260401,"360hpf","26C","plate_1_26","D1",1,"High",11,1794.275,1667.62847222222,151.602588383838
"289",20260401,"360hpf","26C","plate_1_26","D2",3,"High",8,899.508333333333,772.861805555555,96.6077256944444
"290",20260401,"360hpf","26C","plate_1_26","D3",4,"High",3,773.708333333333,647.061805555555,215.687268518518
"291",20260401,"360hpf","26C","plate_1_26","D4",5,"High",16,1922.55833333333,1795.91180555556,112.244487847222
"292",20260401,"360hpf","26C","plate_1_26","D5",6,"High",10,896.458333333333,769.811805555555,76.9811805555555
"293",20260401,"360hpf","26C","plate_1_26","D6",8,"High",3,544.283333333333,417.636805555555,139.212268518518
"294",20260401,"360hpf","26C","plate_1_26","D7",52,"Low",29,4210.68333333333,4084.03680555555,140.828855363985
"295",20260401,"360hpf","26C","plate_1_26","D8",53,"Low",17,1891.45833333333,1764.81180555556,103.812459150327
"296",20260401,"360hpf","26C","plate_1_26","D9",54,"Low",11,1220.1,1093.45347222222,99.4048611111111
"297",20260401,"360hpf","26C","plate_1_26","D10",55,"Low",44,6383.23333333333,6256.58680555555,142.195154671717
"298",20260401,"360hpf","26C","plate_1_26","D11",56,"Low",8,1157.04166666667,1030.39513888889,128.799392361111
"299",20260401,"360hpf","26C","plate_1_26","D12",57,"Low",3,407.008333333333,280.361805555556,93.4539351851852
"300",20260401,"360hpf","26C","plate_1_26","E1",1,"High",35,6422.1,6295.45347222222,179.870099206349
"301",20260401,"360hpf","26C","plate_1_26","E2",3,"High",13,1125.8,999.153472222222,76.8579594017094
"302",20260401,"360hpf","26C","plate_1_26","E3",4,"High",8,1401.33333333333,1274.68680555556,159.335850694444
"303",20260401,"360hpf","26C","plate_1_26","E4",5,"High",7,1437.95833333333,1311.31180555556,187.330257936508
"304",20260401,"360hpf","26C","plate_1_26","E5",6,"High",13,1125.70833333333,999.061805555555,76.8509081196581
"305",20260401,"360hpf","26C","plate_1_26","E6",8,"High",6,511.941666666667,385.295138888889,64.2158564814815
"306",20260401,"360hpf","26C","plate_1_26","E7",52,"Low",10,1497.91666666667,1371.27013888889,137.127013888889
"307",20260401,"360hpf","26C","plate_1_26","E8",53,"Low",12,1146.10833333333,1019.46180555556,84.955150462963
"308",20260401,"360hpf","26C","plate_1_26","E9",54,"Low",18,2347.625,2220.97847222222,123.387692901235
"309",20260401,"360hpf","26C","plate_1_26","E10",55,"Low",62,9046.65833333333,8920.01180555555,143.871158154122
"310",20260401,"360hpf","26C","plate_1_26","E11",56,"Low",22,2688.78333333333,2562.13680555555,116.460763888889
"311",20260401,"360hpf","26C","plate_1_26","E12",57,"Low",19,1212.425,1085.77847222222,57.146235380117
"312",20260401,"360hpf","26C","plate_1_26","F1",1,"High",37,5911.4,5784.75347222222,156.344688438438
"313",20260401,"360hpf","26C","plate_1_26","F2",3,"High",10,794.233333333333,667.586805555556,66.7586805555556
"314",20260401,"360hpf","26C","plate_1_26","F3",4,"High",6,997.275,870.628472222222,145.10474537037
"315",20260401,"360hpf","26C","plate_1_26","F4",5,"High",7,1196.375,1069.72847222222,152.818353174603
"316",20260401,"360hpf","26C","plate_1_26","F5",6,"High",7,1176.525,1049.87847222222,149.982638888889
"317",20260401,"360hpf","26C","plate_1_26","F6",8,"High",39,2412.10833333333,2285.46180555556,58.6015847578348
"318",20260401,"360hpf","26C","plate_1_26","F7",52,"Low",12,1977.68333333333,1851.03680555556,154.25306712963
"319",20260401,"360hpf","26C","plate_1_26","F8",53,"Low",11,1301.1,1174.45347222222,106.768497474747
"320",20260401,"360hpf","26C","plate_1_26","F9",54,"Low",10,1303.91666666667,1177.27013888889,117.727013888889
"321",20260401,"360hpf","26C","plate_1_26","F10",55,"Low",24,4126.99166666667,4000.34513888889,166.681047453704
"322",20260401,"360hpf","26C","plate_1_26","F11",56,"Low",5,419.8,293.153472222222,58.6306944444444
"323",20260401,"360hpf","26C","plate_1_26","F12",57,"Low",20,1237.3,1110.65347222222,55.5326736111111
"324",20260401,"360hpf","26C","plate_1_26","G1",1,"High",17,3011.875,2885.22847222222,169.719321895425
"325",20260401,"360hpf","26C","plate_1_26","G2",3,"High",7,1155.88333333333,1029.23680555556,147.033829365079
"326",20260401,"360hpf","26C","plate_1_26","G3",4,"High",8,1403.09166666667,1276.44513888889,159.555642361111
"327",20260401,"360hpf","26C","plate_1_26","G4",5,"High",22,3412.06666666667,3285.42013888889,149.337279040404
"328",20260401,"360hpf","26C","plate_1_26","G5",6,"High",11,1223.75,1097.10347222222,99.7366792929293
"329",20260401,"360hpf","26C","plate_1_26","G6",8,"High",66,5581.80833333333,5455.16180555556,82.6539667508417
"330",20260401,"360hpf","26C","plate_1_26","G7",52,"Low",27,3702.4,3575.75347222222,132.435313786008
"331",20260401,"360hpf","26C","plate_1_26","G8",53,"Low",50,5745.88333333333,5619.23680555556,112.384736111111
"332",20260401,"360hpf","26C","plate_1_26","G9",54,"Low",15,1835.25,1708.60347222222,113.906898148148
"333",20260401,"360hpf","26C","plate_1_26","G11",56,"Low",6,1027.80833333333,901.161805555555,150.193634259259
"334",20260401,"360hpf","26C","plate_1_26","G12",57,"Low",3,211.358333333333,84.7118055555555,28.2372685185185
"335",20260401,"360hpf","30C","plate_2_30","A1",1,"High",79,17583.3,17434.9618055556,220.695719057665
"336",20260401,"360hpf","30C","plate_2_30","A2",3,"High",12,1549.36666666667,1401.02847222222,116.752372685185
"337",20260401,"360hpf","30C","plate_2_30","A3",4,"High",4,592.566666666667,444.228472222222,111.057118055556
"338",20260401,"360hpf","30C","plate_2_30","A4",5,"High",4,1130.68333333333,982.345138888889,245.586284722222
"339",20260401,"360hpf","30C","plate_2_30","A5",6,"High",8,1369.63333333333,1221.29513888889,152.661892361111
"340",20260401,"360hpf","30C","plate_2_30","A6",8,"High",5,915.375,767.036805555556,153.407361111111
"341",20260401,"360hpf","30C","plate_2_30","A7",52,"Low",18,3535.16666666667,3386.82847222222,188.157137345679
"342",20260401,"360hpf","30C","plate_2_30","A8",53,"Low",6,653.008333333333,504.670138888889,84.1116898148148
"343",20260401,"360hpf","30C","plate_2_30","A9",54,"Low",11,1506.35833333333,1358.02013888889,123.456376262626
"344",20260401,"360hpf","30C","plate_2_30","A10",55,"Low",13,2361.95,2213.61180555555,170.277831196581
"345",20260401,"360hpf","30C","plate_2_30","A11",56,"Low",26,4007.18333333333,3858.84513888889,148.417120726496
"346",20260401,"360hpf","30C","plate_2_30","A12",57,"Low",5,410.541666666667,262.203472222222,52.4406944444444
"347",20260401,"360hpf","30C","plate_2_30","B1",1,"High",16,2723.14166666667,2574.80347222222,160.925217013889
"348",20260401,"360hpf","30C","plate_2_30","B2",3,"High",12,1028.55833333333,880.220138888889,73.3516782407408
"349",20260401,"360hpf","30C","plate_2_30","B3",4,"High",6,1161.45,1013.11180555556,168.851967592593
"350",20260401,"360hpf","30C","plate_2_30","B4",5,"High",4,947.558333333333,799.220138888889,199.805034722222
"351",20260401,"360hpf","30C","plate_2_30","B5",6,"High",11,1539.975,1391.63680555556,126.512436868687
"352",20260401,"360hpf","30C","plate_2_30","B6",8,"High",22,2152.75,2004.41180555556,91.1096275252525
"353",20260401,"360hpf","30C","plate_2_30","B7",52,"Low",7,1522.56666666667,1374.22847222222,196.318353174603
"354",20260401,"360hpf","30C","plate_2_30","B8",53,"Low",2,311.216666666667,162.878472222222,81.4392361111111
"355",20260401,"360hpf","30C","plate_2_30","B9",54,"Low",12,1561.88333333333,1413.54513888889,117.795428240741
"356",20260401,"360hpf","30C","plate_2_30","B10",55,"Low",38,7206.325,7057.98680555556,185.736494883041
"357",20260401,"360hpf","30C","plate_2_30","B11",56,"Low",11,1938.89166666667,1790.55347222222,162.777588383838
"358",20260401,"360hpf","30C","plate_2_30","B12",57,"Low",4,497.7,349.361805555555,87.3404513888889
"359",20260401,"360hpf","30C","plate_2_30","C1",1,"High",29,6525.54166666667,6377.20347222222,219.903568007663
"360",20260401,"360hpf","30C","plate_2_30","C2",3,"High",10,1370.975,1222.63680555556,122.263680555556
"361",20260401,"360hpf","30C","plate_2_30","C3",4,"High",2,599.541666666667,451.203472222222,225.601736111111
"362",20260401,"360hpf","30C","plate_2_30","C5",6,"High",11,1782.225,1633.88680555556,148.535164141414
"363",20260401,"360hpf","30C","plate_2_30","C6",8,"High",30,3986.55833333333,3838.22013888889,127.940671296296
"364",20260401,"360hpf","30C","plate_2_30","C7",52,"Low",16,2644.91666666667,2496.57847222222,156.036154513889
"365",20260401,"360hpf","30C","plate_2_30","C8",53,"Low",28,4575.84166666667,4427.50347222222,158.125124007936
"366",20260401,"360hpf","30C","plate_2_30","C9",54,"Low",10,1462.53333333333,1314.19513888889,131.419513888889
"367",20260401,"360hpf","30C","plate_2_30","C10",55,"Low",13,2147.76666666667,1999.42847222222,153.80219017094
"368",20260401,"360hpf","30C","plate_2_30","C11",56,"Low",14,2440.65,2292.31180555556,163.736557539683
"369",20260401,"360hpf","30C","plate_2_30","C12",57,"Low",9,441.041666666667,292.703472222222,32.5226080246913
"370",20260401,"360hpf","30C","plate_2_30","D1",1,"High",51,11432.4583333333,11284.1201388889,221.257257625272
"371",20260401,"360hpf","30C","plate_2_30","D2",3,"High",12,634,485.661805555555,40.4718171296296
"372",20260401,"360hpf","30C","plate_2_30","D3",4,"High",5,1030.85,882.511805555555,176.502361111111
"373",20260401,"360hpf","30C","plate_2_30","D4",5,"High",28,3970.01666666667,3821.67847222222,136.488516865079
"374",20260401,"360hpf","30C","plate_2_30","D5",6,"High",13,1859.43333333333,1711.09513888889,131.622702991453
"375",20260401,"360hpf","30C","plate_2_30","D6",8,"High",17,1769.43333333333,1621.09513888889,95.3585375816993
"376",20260401,"360hpf","30C","plate_2_30","D7",52,"Low",16,2626.16666666667,2477.82847222222,154.864279513889
"377",20260401,"360hpf","30C","plate_2_30","D8",53,"Low",6,1076.45,928.111805555556,154.685300925926
"378",20260401,"360hpf","30C","plate_2_30","D9",54,"Low",11,1653.1,1504.76180555556,136.796527777778
"379",20260401,"360hpf","30C","plate_2_30","D10",55,"Low",25,3784.125,3635.78680555555,145.431472222222
"380",20260401,"360hpf","30C","plate_2_30","D11",56,"Low",26,4283.95,4135.61180555556,159.061992521368
"381",20260401,"360hpf","30C","plate_2_30","D12",57,"Low",30,2455.35,2307.01180555556,76.9003935185185
"382",20260401,"360hpf","30C","plate_2_30","E1",1,"High",14,2823.06666666667,2674.72847222222,191.052033730159
"383",20260401,"360hpf","30C","plate_2_30","E2",3,"High",9,1393.45833333333,1245.12013888889,138.346682098765
"384",20260401,"360hpf","30C","plate_2_30","E3",4,"High",13,3287.99166666667,3139.65347222222,241.511805555556
"385",20260401,"360hpf","30C","plate_2_30","E4",5,"High",3,749.2,600.861805555556,200.287268518519
"386",20260401,"360hpf","30C","plate_2_30","E5",6,"High",5,1290.55,1142.21180555556,228.442361111111
"387",20260401,"360hpf","30C","plate_2_30","E6",8,"High",12,1203.81666666667,1055.47847222222,87.9565393518518
"388",20260401,"360hpf","30C","plate_2_30","E7",52,"Low",16,3071.675,2923.33680555556,182.708550347222
"389",20260401,"360hpf","30C","plate_2_30","E8",53,"Low",31,6985.24166666666,6836.90347222222,220.545273297491
"390",20260401,"360hpf","30C","plate_2_30","E9",54,"Low",14,2171.725,2023.38680555556,144.527628968254
"391",20260401,"360hpf","30C","plate_2_30","E10",55,"Low",7,1249.175,1100.83680555556,157.262400793651
"392",20260401,"360hpf","30C","plate_2_30","E11",56,"Low",15,2529.86666666667,2381.52847222222,158.768564814815
"393",20260401,"360hpf","30C","plate_2_30","E12",57,"Low",61,1965.175,1816.83680555556,29.7842099271402
"394",20260401,"360hpf","30C","plate_2_30","F1",1,"High",34,7039.775,6891.43680555556,202.689317810458
"395",20260401,"360hpf","30C","plate_2_30","F2",3,"High",14,1090.13333333333,941.795138888889,67.2710813492064
"396",20260401,"360hpf","30C","plate_2_30","F3",4,"High",14,2199.28333333333,2050.94513888889,146.496081349206
"397",20260401,"360hpf","30C","plate_2_30","F4",5,"High",24,4459.475,4311.13680555555,179.630700231481
"398",20260401,"360hpf","30C","plate_2_30","F5",6,"High",6,965.233333333334,816.895138888889,136.149189814815
"399",20260401,"360hpf","30C","plate_2_30","F6",8,"High",60,6203.96666666667,6055.62847222222,100.927141203704
"400",20260401,"360hpf","30C","plate_2_30","F7",52,"Low",11,2052.55,1904.21180555556,173.110164141414
"401",20260401,"360hpf","30C","plate_2_30","F8",53,"Low",51,10218.1,10069.7618055556,197.446309912854
"402",20260401,"360hpf","30C","plate_2_30","F9",54,"Low",7,928.825,780.486805555556,111.498115079365
"403",20260401,"360hpf","30C","plate_2_30","F10",55,"Low",20,3492.05833333333,3343.72013888889,167.186006944444
"404",20260401,"360hpf","30C","plate_2_30","F11",56,"Low",16,2754.3,2605.96180555556,162.872612847222
"405",20260401,"360hpf","30C","plate_2_30","F12",57,"Low",45,2816.99166666667,2668.65347222222,59.3034104938272
"406",20260401,"360hpf","30C","plate_2_30","G1",1,"High",11,1911.06666666667,1762.72847222222,160.248042929293
"407",20260401,"360hpf","30C","plate_2_30","G2",3,"High",13,1846.4,1698.06180555556,130.620138888889
"408",20260401,"360hpf","30C","plate_2_30","G3",4,"High",66,10058.9333333333,9910.59513888889,150.160532407407
"409",20260401,"360hpf","30C","plate_2_30","G4",5,"High",16,2502.7,2354.36180555556,147.147612847222
"410",20260401,"360hpf","30C","plate_2_30","G5",6,"High",12,1625.30833333333,1476.97013888889,123.080844907407
"411",20260401,"360hpf","30C","plate_2_30","G6",8,"High",60,8462.26666666667,8313.92847222222,138.565474537037
"412",20260401,"360hpf","30C","plate_2_30","G7",52,"Low",11,2428.89166666667,2280.55347222222,207.323042929293
"413",20260401,"360hpf","30C","plate_2_30","G8",53,"Low",30,6294.25833333333,6145.92013888889,204.86400462963
"414",20260401,"360hpf","30C","plate_2_30","G9",54,"Low",12,1658.76666666667,1510.42847222222,125.869039351852
"415",20260401,"360hpf","30C","plate_2_30","G10",55,"Low",3,847.175,698.836805555556,232.945601851852
"416",20260401,"360hpf","30C","plate_2_30","G11",56,"Low",6,904.258333333333,755.920138888889,125.986689814815
"417",20260401,"360hpf","30C","plate_2_30","G12",57,"Low",8,821.058333333333,672.720138888889,84.0900173611111
"418",20260401,"360hpf","34C","plate_3_34","A1",1,"High",11,3202.325,2813.54861111111,255.777146464646
"419",20260401,"360hpf","34C","plate_3_34","A2",3,"High",22,3597.875,3209.09861111111,145.868118686869
"420",20260401,"360hpf","34C","plate_3_34","A3",4,"High",3,812.816666666667,424.040277777778,141.346759259259
"421",20260401,"360hpf","34C","plate_3_34","A4",5,"High",11,2441.61666666667,2052.84027777778,186.621843434343
"422",20260401,"360hpf","34C","plate_3_34","A5",6,"High",14,3238.78333333333,2850.00694444444,203.571924603175
"423",20260401,"360hpf","34C","plate_3_34","A6",8,"High",15,1855.23333333333,1466.45694444444,97.7637962962963
"424",20260401,"360hpf","34C","plate_3_34","A7",52,"Low",24,5717.2,5328.42361111111,222.017650462963
"425",20260401,"360hpf","34C","plate_3_34","A8",53,"Low",5,688.958333333333,300.181944444444,60.0363888888889
"426",20260401,"360hpf","34C","plate_3_34","A9",54,"Low",9,1742.48333333333,1353.70694444444,150.411882716049
"427",20260401,"360hpf","34C","plate_3_34","A10",55,"Low",1,445.633333333333,56.8569444444445,56.8569444444445
"428",20260401,"360hpf","34C","plate_3_34","A11",56,"Low",16,3989.31666666667,3600.54027777778,225.033767361111
"429",20260401,"360hpf","34C","plate_3_34","A12",57,"Low",12,1406.5,1017.72361111111,84.8103009259259
"430",20260401,"360hpf","34C","plate_3_34","B1",1,"High",4,1103.59166666667,714.815277777778,178.703819444444
"431",20260401,"360hpf","34C","plate_3_34","B2",3,"High",16,3170.45833333333,2781.68194444444,173.855121527778
"432",20260401,"360hpf","34C","plate_3_34","B3",4,"High",3,571.616666666667,182.840277777778,60.9467592592592
"433",20260401,"360hpf","34C","plate_3_34","B4",5,"High",2,495.2,106.423611111111,53.2118055555556
"434",20260401,"360hpf","34C","plate_3_34","B5",6,"High",4,1003.76666666667,614.990277777778,153.747569444444
"435",20260401,"360hpf","34C","plate_3_34","B6",8,"High",7,736.666666666667,347.890277777778,49.6986111111111
"436",20260401,"360hpf","34C","plate_3_34","B7",52,"Low",20,3621.31666666667,3232.54027777778,161.627013888889
"437",20260401,"360hpf","34C","plate_3_34","B8",53,"Low",14,2204.525,1815.74861111111,129.696329365079
"438",20260401,"360hpf","34C","plate_3_34","B9",54,"Low",14,2476.70833333333,2087.93194444444,149.137996031746
"439",20260401,"360hpf","34C","plate_3_34","B10",55,"Low",10,2154.125,1765.34861111111,176.534861111111
"440",20260401,"360hpf","34C","plate_3_34","B11",56,"Low",9,1945.28333333333,1556.50694444444,172.945216049383
"441",20260401,"360hpf","34C","plate_3_34","B12",57,"Low",11,893.325,504.548611111111,45.8680555555556
"442",20260401,"360hpf","34C","plate_3_34","C1",1,"High",22,4174.84166666667,3786.06527777778,172.093876262626
"443",20260401,"360hpf","34C","plate_3_34","C2",3,"High",15,2122.85833333333,1734.08194444444,115.605462962963
"444",20260401,"360hpf","34C","plate_3_34","C3",4,"High",9,1994.00833333333,1605.23194444444,178.359104938272
"445",20260401,"360hpf","34C","plate_3_34","C4",5,"High",6,946.275,557.498611111111,92.9164351851852
"446",20260401,"360hpf","34C","plate_3_34","C5",6,"High",7,898.2,509.423611111111,72.7748015873016
"447",20260401,"360hpf","34C","plate_3_34","C6",8,"High",17,1628.64166666667,1239.86527777778,72.9332516339869
"448",20260401,"360hpf","34C","plate_3_34","C7",52,"Low",30,5122.025,4733.24861111111,157.774953703704
"449",20260401,"360hpf","34C","plate_3_34","C8",53,"Low",7,1223.68333333333,834.906944444444,119.272420634921
"450",20260401,"360hpf","34C","plate_3_34","C9",54,"Low",12,2162.4,1773.62361111111,147.801967592593
"451",20260401,"360hpf","34C","plate_3_34","C10",55,"Low",8,2836.33333333333,2447.55694444444,305.944618055556
"452",20260401,"360hpf","34C","plate_3_34","C11",56,"Low",9,984.325,595.548611111111,66.1720679012346
"453",20260401,"360hpf","34C","plate_3_34","C12",57,"Low",20,2274.88333333333,1886.10694444444,94.3053472222222
"454",20260401,"360hpf","34C","plate_3_34","D1",1,"High",21,4453.875,4065.09861111111,193.576124338624
"455",20260401,"360hpf","34C","plate_3_34","D2",3,"High",9,1247.98333333333,859.206944444444,95.4674382716049
"456",20260401,"360hpf","34C","plate_3_34","D3",4,"High",23,3432.40833333333,3043.63194444444,132.331823671498
"457",20260401,"360hpf","34C","plate_3_34","D4",5,"High",22,3321.21666666667,2932.44027777778,133.29273989899
"458",20260401,"360hpf","34C","plate_3_34","D5",6,"High",14,2321.39166666667,1932.61527777778,138.043948412698
"459",20260401,"360hpf","34C","plate_3_34","D6",8,"High",15,1436.40833333333,1047.63194444444,69.8421296296296
"460",20260401,"360hpf","34C","plate_3_34","D7",52,"Low",17,2505.85833333333,2117.08194444444,124.534232026144
"461",20260401,"360hpf","34C","plate_3_34","D8",53,"Low",14,2488.21666666667,2099.44027777778,149.96001984127
"462",20260401,"360hpf","34C","plate_3_34","D9",54,"Low",8,1415.28333333333,1026.50694444444,128.313368055556
"463",20260401,"360hpf","34C","plate_3_34","D10",55,"Low",4,612.058333333334,223.281944444445,55.8204861111112
"464",20260401,"360hpf","34C","plate_3_34","D11",56,"Low",11,1915.03333333333,1526.25694444444,138.750631313131
"465",20260401,"360hpf","34C","plate_3_34","D12",57,"Low",17,2110.51666666667,1721.74027777778,101.278839869281
"466",20260401,"360hpf","34C","plate_3_34","E1",1,"High",16,3895.38333333333,3506.60694444444,219.162934027778
"467",20260401,"360hpf","34C","plate_3_34","E2",3,"High",18,2488.09166666667,2099.31527777778,116.62862654321
"468",20260401,"360hpf","34C","plate_3_34","E3",4,"High",11,1613.00833333333,1224.23194444444,111.293813131313
"469",20260401,"360hpf","34C","plate_3_34","E4",5,"High",23,3600.26666666667,3211.49027777778,139.630012077295
"470",20260401,"360hpf","34C","plate_3_34","E5",6,"High",15,3626.20833333333,3237.43194444444,215.828796296296
"471",20260401,"360hpf","34C","plate_3_34","E6",8,"High",54,6610.925,6222.14861111111,115.224974279835
"472",20260401,"360hpf","34C","plate_3_34","E7",52,"Low",48,8510.99166666667,8122.21527777778,169.212818287037
"473",20260401,"360hpf","34C","plate_3_34","E8",53,"Low",5,1207.93333333333,819.156944444444,163.831388888889
"474",20260401,"360hpf","34C","plate_3_34","E9",54,"Low",27,4377.58333333333,3988.80694444444,147.733590534979
"475",20260401,"360hpf","34C","plate_3_34","E10",55,"Low",13,5289.39166666667,4900.61527777778,376.970405982906
"476",20260401,"360hpf","34C","plate_3_34","E11",56,"Low",14,2205.875,1817.09861111111,129.792757936508
"477",20260401,"360hpf","34C","plate_3_34","E12",57,"Low",7,895.516666666667,506.740277777778,72.3914682539683
"478",20260401,"360hpf","34C","plate_3_34","F1",1,"High",33,7089.825,6701.04861111111,203.062079124579
"479",20260401,"360hpf","34C","plate_3_34","F2",3,"High",5,1180.85,792.073611111111,158.414722222222
"480",20260401,"360hpf","34C","plate_3_34","F4",5,"High",20,3147.875,2759.09861111111,137.954930555556
"481",20260401,"360hpf","34C","plate_3_34","F5",6,"High",12,2003.525,1614.74861111111,134.562384259259
"482",20260401,"360hpf","34C","plate_3_34","F6",8,"High",65,8259.30833333333,7870.53194444444,121.085106837607
"483",20260401,"360hpf","34C","plate_3_34","F7",52,"Low",26,5730.95833333333,5342.18194444445,205.468536324786
"484",20260401,"360hpf","34C","plate_3_34","F8",53,"Low",4,1050.08333333333,661.306944444444,165.326736111111
"485",20260401,"360hpf","34C","plate_3_34","F9",54,"Low",25,3820.75833333333,3431.98194444444,137.279277777778
"486",20260401,"360hpf","34C","plate_3_34","F10",55,"Low",23,4332.11666666667,3943.34027777778,171.449577294686
"487",20260401,"360hpf","34C","plate_3_34","F11",56,"Low",8,1238.85,850.073611111111,106.259201388889
"488",20260401,"360hpf","34C","plate_3_34","F12",57,"Low",6,891.55,502.773611111111,83.7956018518518
"489",20260401,"360hpf","34C","plate_3_34","G1",1,"High",7,1291.975,903.198611111111,129.028373015873
"490",20260401,"360hpf","34C","plate_3_34","G2",3,"High",10,1772.525,1383.74861111111,138.374861111111
"491",20260401,"360hpf","34C","plate_3_34","G3",4,"High",11,2308.66666666667,1919.89027777778,174.53547979798
"492",20260401,"360hpf","34C","plate_3_34","G4",5,"High",8,1726.81666666667,1338.04027777778,167.255034722222
"493",20260401,"360hpf","34C","plate_3_34","G5",6,"High",15,3421.675,3032.89861111111,202.193240740741
"494",20260401,"360hpf","34C","plate_3_34","G6",8,"High",7,740.65,351.873611111111,50.2676587301587
"495",20260401,"360hpf","34C","plate_3_34","G7",52,"Low",17,5045.41666666667,4656.64027777778,273.920016339869
"496",20260401,"360hpf","34C","plate_3_34","G8",53,"Low",5,1177.275,788.498611111111,157.699722222222
"497",20260401,"360hpf","34C","plate_3_34","G9",54,"Low",9,1483.65,1094.87361111111,121.65262345679
"498",20260401,"360hpf","34C","plate_3_34","G10",55,"Low",3,617.783333333333,229.006944444444,76.3356481481481
"499",20260401,"360hpf","34C","plate_3_34","G11",56,"Low",6,657.241666666667,268.465277777778,44.744212962963
"500",20260401,"360hpf","34C","plate_3_34","G12",57,"Low",8,1027.81666666667,639.040277777778,79.8800347222222
"501",20260401,"360hpf","38C","plate_4_38","A1",1,"High",60,11187.9,10872.4704545455,181.207840909091
"502",20260401,"360hpf","38C","plate_4_38","A2",3,"High",8,1468.30833333333,1152.87878787879,144.109848484849
"503",20260401,"360hpf","38C","plate_4_38","A3",4,"High",3,800.175,484.745454545454,161.581818181818
"504",20260401,"360hpf","38C","plate_4_38","A4",5,"High",10,1806.19166666667,1490.76212121212,149.076212121212
"505",20260401,"360hpf","38C","plate_4_38","A5",6,"High",14,2212.85,1897.42045454545,135.530032467532
"506",20260401,"360hpf","38C","plate_4_38","A6",8,"High",10,871.625,556.195454545454,55.6195454545454
"507",20260401,"360hpf","38C","plate_4_38","A7",52,"Low",18,3070.46666666667,2755.03712121212,153.057617845118
"508",20260401,"360hpf","38C","plate_4_38","A8",53,"Low",4,702.941666666666,387.512121212121,96.8780303030302
"509",20260401,"360hpf","38C","plate_4_38","A9",54,"Low",17,2525.96666666667,2210.53712121212,130.031595365419
"510",20260401,"360hpf","38C","plate_4_38","A10",55,"Low",13,2285.2,1969.77045454545,151.520804195804
"511",20260401,"360hpf","38C","plate_4_38","A11",56,"Low",27,5252.325,4936.89545454546,182.84797979798
"512",20260401,"360hpf","38C","plate_4_38","A12",57,"Low",25,3440.90833333333,3125.47878787879,125.019151515152
"513",20260401,"360hpf","38C","plate_4_38","B1",1,"High",13,2289.04166666667,1973.61212121212,151.816317016317
"514",20260401,"360hpf","38C","plate_4_38","B2",3,"High",13,1858.05,1542.62045454545,118.663111888112
"515",20260401,"360hpf","38C","plate_4_38","B3",4,"High",47,7841.61666666667,7526.18712121212,160.131640876854
"516",20260401,"360hpf","38C","plate_4_38","B4",5,"High",5,858.108333333333,542.678787878788,108.535757575758
"517",20260401,"360hpf","38C","plate_4_38","B5",6,"High",12,2462.81666666667,2147.38712121212,178.948926767677
"518",20260401,"360hpf","38C","plate_4_38","B6",8,"High",24,2711.675,2396.24545454546,99.8435606060606
"519",20260401,"360hpf","38C","plate_4_38","B7",52,"Low",24,4406.65,4091.22045454546,170.467518939394
"520",20260401,"360hpf","38C","plate_4_38","B8",53,"Low",19,2833.71666666667,2518.28712121212,132.541427432217
"521",20260401,"360hpf","38C","plate_4_38","B9",54,"Low",28,4676.94166666667,4361.51212121212,155.76829004329
"522",20260401,"360hpf","38C","plate_4_38","B10",55,"Low",5,1002.725,687.295454545455,137.459090909091
"523",20260401,"360hpf","38C","plate_4_38","B11",56,"Low",17,3241.94166666667,2926.51212121212,172.147771836007
"524",20260401,"360hpf","38C","plate_4_38","B12",57,"Low",17,2365.19166666667,2049.76212121212,120.574242424242
"525",20260401,"360hpf","38C","plate_4_38","C1",1,"High",19,3666.46666666667,3351.03712121212,176.370374800638
"526",20260401,"360hpf","38C","plate_4_38","C2",3,"High",12,1781.76666666667,1466.33712121212,122.19476010101
"527",20260401,"360hpf","38C","plate_4_38","C3",4,"High",8,944.825,629.395454545454,78.6744318181818
"528",20260401,"360hpf","38C","plate_4_38","C4",5,"High",15,1355.03333333333,1039.60378787879,69.3069191919192
"529",20260401,"360hpf","38C","plate_4_38","C5",6,"High",6,1044.53333333333,729.103787878788,121.517297979798
"530",20260401,"360hpf","38C","plate_4_38","C6",8,"High",10,608.083333333333,292.653787878788,29.2653787878788
"531",20260401,"360hpf","38C","plate_4_38","C7",52,"Low",16,3311.14166666667,2995.71212121212,187.232007575758
"532",20260401,"360hpf","38C","plate_4_38","C8",53,"Low",33,4506.98333333333,4191.55378787879,127.016781450872
"533",20260401,"360hpf","38C","plate_4_38","C9",54,"Low",9,1418.925,1103.49545454545,122.610606060606
"534",20260401,"360hpf","38C","plate_4_38","C10",55,"Low",8,1457.5,1142.07045454545,142.758806818182
"535",20260401,"360hpf","38C","plate_4_38","C11",56,"Low",24,4523.13333333333,4207.70378787879,175.320991161616
"536",20260401,"360hpf","38C","plate_4_38","C12",57,"Low",13,2274.01666666667,1958.58712121212,150.660547785548
"537",20260401,"360hpf","38C","plate_4_38","D1",1,"High",71,14388.1333333333,14072.7037878788,198.207095603927
"538",20260401,"360hpf","38C","plate_4_38","D2",3,"High",18,3421.09166666667,3105.66212121212,172.536784511785
"539",20260401,"360hpf","38C","plate_4_38","D3",4,"High",9,1287.55,972.120454545454,108.013383838384
"540",20260401,"360hpf","38C","plate_4_38","D4",5,"High",11,2046,1730.57045454545,157.324586776859
"541",20260401,"360hpf","38C","plate_4_38","D5",6,"High",13,1898.99166666667,1583.56212121212,121.812470862471
"542",20260401,"360hpf","38C","plate_4_38","D6",8,"High",17,725.833333333333,410.403787878788,24.1413992869875
"543",20260401,"360hpf","38C","plate_4_38","D7",52,"Low",23,3421.69166666667,3106.26212121212,135.05487483531
"544",20260401,"360hpf","38C","plate_4_38","D8",53,"Low",3,377.258333333333,61.8287878787879,20.609595959596
"545",20260401,"360hpf","38C","plate_4_38","D9",54,"Low",25,4626.26666666667,4310.83712121212,172.433484848485
"546",20260401,"360hpf","38C","plate_4_38","D10",55,"Low",22,3306.6,2991.17045454545,135.96229338843
"547",20260401,"360hpf","38C","plate_4_38","D11",56,"Low",10,1681.675,1366.24545454545,136.624545454545
"548",20260401,"360hpf","38C","plate_4_38","D12",57,"Low",6,1546.58333333333,1231.15378787879,205.192297979798
"549",20260401,"360hpf","38C","plate_4_38","E1",1,"High",31,5884.58333333333,5569.15378787879,179.650122189638
"550",20260401,"360hpf","38C","plate_4_38","E2",3,"High",16,2747.40833333333,2431.97878787879,151.998674242424
"551",20260401,"360hpf","38C","plate_4_38","E3",4,"High",6,847.933333333333,532.503787878788,88.7506313131313
"552",20260401,"360hpf","38C","plate_4_38","E4",5,"High",11,1500.2,1184.77045454545,107.706404958678
"553",20260401,"360hpf","38C","plate_4_38","E5",6,"High",14,2502.625,2187.19545454545,156.228246753247
"554",20260401,"360hpf","38C","plate_4_38","E6",8,"High",11,944.075,628.645454545455,57.1495867768595
"555",20260401,"360hpf","38C","plate_4_38","E7",52,"Low",21,3331.68333333333,3016.25378787879,143.631132756133
"556",20260401,"360hpf","38C","plate_4_38","E8",53,"Low",63,8706.19166666667,8390.76212121212,133.1867003367
"557",20260401,"360hpf","38C","plate_4_38","E9",54,"Low",11,2503.96666666667,2188.53712121212,198.957920110193
"558",20260401,"360hpf","38C","plate_4_38","E10",55,"Low",41,7088.9,6773.47045454546,165.206596452328
"559",20260401,"360hpf","38C","plate_4_38","E11",56,"Low",14,2341.91666666667,2026.48712121212,144.74908008658
"560",20260401,"360hpf","38C","plate_4_38","E12",57,"Low",34,6555.975,6240.54545454545,183.545454545454
"561",20260401,"360hpf","38C","plate_4_38","F1",1,"High",9,1434.1,1118.67045454545,124.296717171717
"562",20260401,"360hpf","38C","plate_4_38","F2",3,"High",8,1203.7,888.270454545455,111.033806818182
"563",20260401,"360hpf","38C","plate_4_38","F3",4,"High",7,1225.85,910.420454545454,130.060064935065
"564",20260401,"360hpf","38C","plate_4_38","F4",5,"High",18,2526.89166666667,2211.46212121212,122.859006734007
"565",20260401,"360hpf","38C","plate_4_38","F5",6,"High",16,2791.49166666667,2476.06212121212,154.753882575758
"566",20260401,"360hpf","38C","plate_4_38","F6",8,"High",38,2755.10833333333,2439.67878787879,64.2020733652313
"567",20260401,"360hpf","38C","plate_4_38","F7",52,"Low",14,2313.88333333333,1998.45378787879,142.746699134199
"568",20260401,"360hpf","38C","plate_4_38","F8",53,"Low",6,1006.91666666667,691.487121212121,115.247853535354
"569",20260401,"360hpf","38C","plate_4_38","F9",54,"Low",5,825.4,509.970454545454,101.994090909091
"570",20260401,"360hpf","38C","plate_4_38","F10",55,"Low",12,1979.09166666667,1663.66212121212,138.63851010101
"571",20260401,"360hpf","38C","plate_4_38","F11",56,"Low",16,3544.96666666667,3229.53712121212,201.846070075758
"572",20260401,"360hpf","38C","plate_4_38","F12",57,"Low",13,3254.625,2939.19545454545,226.091958041958
"573",20260401,"360hpf","38C","plate_4_38","G1",1,"High",5,860.258333333333,544.828787878788,108.965757575758
"574",20260401,"360hpf","38C","plate_4_38","G2",3,"High",18,2691.15833333333,2375.72878787879,131.984932659933
"575",20260401,"360hpf","38C","plate_4_38","G3",4,"High",11,2131.60833333333,1816.17878787879,165.107162534435
"576",20260401,"360hpf","38C","plate_4_38","G4",5,"High",27,4856.825,4541.39545454545,168.199831649832
"577",20260401,"360hpf","38C","plate_4_38","G5",6,"High",25,3847.30833333333,3531.87878787879,141.275151515151
"578",20260401,"360hpf","38C","plate_4_38","G6",8,"High",56,4820.11666666667,4504.68712121212,80.4408414502165
"579",20260401,"360hpf","38C","plate_4_38","G7",52,"Low",32,5540.35833333333,5224.92878787879,163.279024621212
"580",20260401,"360hpf","38C","plate_4_38","G8",53,"Low",12,2128.3,1812.87045454545,151.072537878788
"581",20260401,"360hpf","38C","plate_4_38","G9",54,"Low",11,2039.8,1724.37045454545,156.760950413223
"582",20260401,"360hpf","38C","plate_4_38","G10",55,"Low",5,1011.98333333333,696.553787878788,139.310757575758
"583",20260401,"360hpf","38C","plate_4_38","G11",56,"Low",8,1010.56666666667,695.137121212121,86.8921401515152
"584",20260401,"360hpf","38C","plate_4_38","G12",57,"Low",24,5381.18333333333,5065.75378787879,211.07307449495
"585",20260504,"48dpf","26C","plate_1_26","A1",1,"High",1,14599.125,14491.5402777778,13322.7361111111
"586",20260504,"48dpf","26C","plate_1_26","A2",3,"High",1,43193.0833333333,43085.4986111111,41916.6944444444
"587",20260504,"48dpf","26C","plate_1_26","A3",4,"High",1,28618.7666666667,28511.1819444444,27342.3777777778
"588",20260504,"48dpf","26C","plate_1_26","A4",5,"High",1,19003.1416666667,18895.5569444444,17726.7527777778
"589",20260504,"48dpf","26C","plate_1_26","A5",6,"High",1,5617.775,5510.19027777778,4341.38611111111
"590",20260504,"48dpf","26C","plate_1_26","A6",8,"High",1,11075.1583333333,10967.5736111111,9798.76944444444
"591",20260504,"48dpf","26C","plate_1_26","A7",52,"Low",1,7463.23333333333,7355.64861111111,6186.84444444444
"592",20260504,"48dpf","26C","plate_1_26","A8",53,"Low",1,1729.425,1621.84027777778,453.036111111111
"593",20260504,"48dpf","26C","plate_1_26","A9",54,"Low",1,1329.53333333333,1221.94861111111,53.1444444444444
"594",20260504,"48dpf","26C","plate_1_26","A10",55,"Low",1,10524.225,10416.6402777778,9247.83611111111
"595",20260504,"48dpf","26C","plate_1_26","A11",56,"Low",1,3911.70833333333,3804.12361111111,2635.31944444444
"596",20260504,"48dpf","26C","plate_1_26","B1",1,"High",1,6131.76666666667,6024.18194444444,4855.37777777778
"597",20260504,"48dpf","26C","plate_1_26","B2",3,"High",1,10395.6583333333,10288.0736111111,9119.26944444444
"598",20260504,"48dpf","26C","plate_1_26","B3",4,"High",1,14536.6833333333,14429.0986111111,13260.2944444444
"599",20260504,"48dpf","26C","plate_1_26","B4",5,"High",1,12311.35,12203.7652777778,11034.9611111111
"600",20260504,"48dpf","26C","plate_1_26","B5",6,"High",1,1446.50833333333,1338.92361111111,170.119444444445
"601",20260504,"48dpf","26C","plate_1_26","B6",8,"High",1,5354.64166666667,5247.05694444444,4078.25277777778
"602",20260504,"48dpf","26C","plate_1_26","B7",52,"Low",1,2058.875,1951.29027777778,782.486111111111
"603",20260504,"48dpf","26C","plate_1_26","B8",53,"Low",1,1618.11666666667,1510.53194444445,341.727777777778
"604",20260504,"48dpf","26C","plate_1_26","B11",56,"Low",1,3525.03333333333,3417.44861111111,2248.64444444445
"605",20260504,"48dpf","26C","plate_1_26","B12",57,"Low",1,3070.275,2962.69027777778,1793.88611111111
"606",20260504,"48dpf","26C","plate_1_26","C1",1,"High",1,8140.45833333333,8032.87361111111,6864.06944444445
"607",20260504,"48dpf","26C","plate_1_26","C2",3,"High",1,12683.8916666667,12576.3069444444,11407.5027777778
"608",20260504,"48dpf","26C","plate_1_26","C3",4,"High",1,7970.75833333333,7863.17361111111,6694.36944444444
"609",20260504,"48dpf","26C","plate_1_26","C4",5,"High",1,16762.8833333333,16655.2986111111,15486.4944444444
"610",20260504,"48dpf","26C","plate_1_26","C5",6,"High",1,1536.25,1428.66527777778,259.861111111111
"611",20260504,"48dpf","26C","plate_1_26","C6",8,"High",1,7881.15833333333,7773.57361111111,6604.76944444444
"612",20260504,"48dpf","26C","plate_1_26","C7",52,"Low",1,14087.5416666667,13979.9569444444,12811.1527777778
"613",20260504,"48dpf","26C","plate_1_26","C8",53,"Low",1,3027.00833333334,2919.42361111111,1750.61944444445
"614",20260504,"48dpf","26C","plate_1_26","C9",54,"Low",1,3236.91666666667,3129.33194444444,1960.52777777778
"615",20260504,"48dpf","26C","plate_1_26","C10",55,"Low",1,8695.23333333333,8587.64861111111,7418.84444444444
"616",20260504,"48dpf","26C","plate_1_26","C11",56,"Low",1,8490.98333333333,8383.39861111111,7214.59444444444
"617",20260504,"48dpf","26C","plate_1_26","C12",57,"Low",1,1567.44166666667,1459.85694444444,291.052777777778
"618",20260504,"48dpf","26C","plate_1_26","D1",1,"High",1,9934.175,9826.59027777778,8657.78611111111
"619",20260504,"48dpf","26C","plate_1_26","D2",3,"High",1,12052.9083333333,11945.3236111111,10776.5194444444
"620",20260504,"48dpf","26C","plate_1_26","D3",4,"High",1,2971.36666666667,2863.78194444444,1694.97777777778
"621",20260504,"48dpf","26C","plate_1_26","D4",5,"High",1,5526.375,5418.79027777778,4249.98611111111
"622",20260504,"48dpf","26C","plate_1_26","D6",8,"High",1,5342.325,5234.74027777778,4065.93611111111
"623",20260504,"48dpf","26C","plate_1_26","D7",52,"Low",1,2253.98333333333,2146.39861111111,977.594444444444
"624",20260504,"48dpf","26C","plate_1_26","D8",53,"Low",1,4248.95,4141.36527777778,2972.56111111111
"625",20260504,"48dpf","26C","plate_1_26","D9",54,"Low",1,2213.21666666667,2105.63194444444,936.827777777778
"626",20260504,"48dpf","26C","plate_1_26","D10",55,"Low",1,11370.4083333333,11262.8236111111,10094.0194444444
"627",20260504,"48dpf","26C","plate_1_26","D11",56,"Low",1,2380.475,2272.89027777778,1104.08611111111
"628",20260504,"48dpf","26C","plate_1_26","D12",57,"Low",1,1698.83333333333,1591.24861111111,422.444444444445
"629",20260504,"48dpf","26C","plate_1_26","E1",1,"High",1,1928.34166666667,1820.75694444444,651.952777777777
"630",20260504,"48dpf","26C","plate_1_26","E2",3,"High",1,19892.5916666667,19785.0069444444,18616.2027777778
"631",20260504,"48dpf","26C","plate_1_26","E3",4,"High",1,13222.6666666667,13115.0819444444,11946.2777777778
"632",20260504,"48dpf","26C","plate_1_26","E4",5,"High",1,12380.4666666667,12272.8819444444,11104.0777777778
"633",20260504,"48dpf","26C","plate_1_26","E5",6,"High",1,2241.35833333333,2133.77361111111,964.969444444444
"634",20260504,"48dpf","26C","plate_1_26","E6",8,"High",1,1900.09166666667,1792.50694444444,623.702777777777
"635",20260504,"48dpf","26C","plate_1_26","E7",52,"Low",1,1423.35833333333,1315.77361111111,146.969444444445
"636",20260504,"48dpf","26C","plate_1_26","E8",53,"Low",1,7331.16666666667,7223.58194444445,6054.77777777778
"637",20260504,"48dpf","26C","plate_1_26","E9",54,"Low",1,3239.73333333333,3132.14861111111,1963.34444444444
"638",20260504,"48dpf","26C","plate_1_26","E10",55,"Low",1,2117.81666666667,2010.23194444444,841.427777777778
"639",20260504,"48dpf","26C","plate_1_26","E11",56,"Low",1,1619.6,1512.01527777778,343.211111111111
"640",20260504,"48dpf","26C","plate_1_26","E12",57,"Low",1,1365.61666666667,1258.03194444444,89.2277777777779
"641",20260504,"48dpf","26C","plate_1_26","F1",1,"High",1,5360.08333333333,5252.49861111111,4083.69444444444
"642",20260504,"48dpf","26C","plate_1_26","F2",3,"High",1,11613.5333333333,11505.9486111111,10337.1444444444
"643",20260504,"48dpf","26C","plate_1_26","F3",4,"High",1,4201.93333333333,4094.34861111111,2925.54444444444
"644",20260504,"48dpf","26C","plate_1_26","F4",5,"High",1,14367.6583333333,14260.0736111111,13091.2694444444
"645",20260504,"48dpf","26C","plate_1_26","F5",6,"High",1,1435.475,1327.89027777778,159.086111111111
"646",20260504,"48dpf","26C","plate_1_26","F9",54,"Low",1,1978.01666666667,1870.43194444444,701.627777777778
"647",20260504,"48dpf","26C","plate_1_26","F10",55,"Low",1,2298.13333333333,2190.54861111111,1021.74444444444
"648",20260504,"48dpf","26C","plate_1_26","F11",56,"Low",1,1293.21666666667,1185.63194444444,16.8277777777778
"649",20260504,"48dpf","26C","plate_1_26","F12",57,"Low",1,2021.93333333333,1914.34861111111,745.544444444444
"650",20260504,"48dpf","26C","plate_1_26","G1",1,"High",1,5882.19166666667,5774.60694444445,4605.80277777778
"651",20260504,"48dpf","26C","plate_1_26","G2",3,"High",1,13025.2916666667,12917.7069444444,11748.9027777778
"652",20260504,"48dpf","26C","plate_1_26","G3",4,"High",1,4055.16666666667,3947.58194444445,2778.77777777778
"653",20260504,"48dpf","26C","plate_1_26","G4",5,"High",1,8739.54166666667,8631.95694444445,7463.15277777778
"654",20260504,"48dpf","26C","plate_1_26","G5",6,"High",1,3006.33333333333,2898.74861111111,1729.94444444444
"655",20260504,"48dpf","26C","plate_1_26","G6",8,"High",1,2389.025,2281.44027777778,1112.63611111111
"656",20260504,"48dpf","26C","plate_1_26","G8",53,"Low",1,2662.35,2554.76527777778,1385.96111111111
"657",20260504,"48dpf","26C","plate_1_26","G9",54,"Low",1,1790.39166666667,1682.80694444444,514.002777777778
"658",20260504,"48dpf","26C","plate_1_26","G10",55,"Low",1,1778.975,1671.39027777778,502.586111111111
"659",20260504,"48dpf","26C","plate_1_26","G11",56,"Low",1,1325.54166666667,1217.95694444444,49.1527777777776
"660",20260504,"48dpf","30C","plate_2_30","A1",1,"High",1,13431.4833333333,13319.4263888889,11894.4333333333
"661",20260504,"48dpf","30C","plate_2_30","A2",3,"High",1,13337.9083333333,13225.8513888889,11800.8583333333
"662",20260504,"48dpf","30C","plate_2_30","A3",4,"High",1,11490.2333333333,11378.1763888889,9953.18333333333
"663",20260504,"48dpf","30C","plate_2_30","A4",5,"High",1,11458.5916666667,11346.5347222222,9921.54166666667
"664",20260504,"48dpf","30C","plate_2_30","A5",6,"High",1,8164.19166666667,8052.13472222222,6627.14166666667
"665",20260504,"48dpf","30C","plate_2_30","A6",8,"High",1,14624.7083333333,14512.6513888889,13087.6583333333
"666",20260504,"48dpf","30C","plate_2_30","A7",52,"Low",1,2888.48333333333,2776.42638888889,1351.43333333333
"667",20260504,"48dpf","30C","plate_2_30","A8",53,"Low",1,13918.975,13806.9180555556,12381.925
"668",20260504,"48dpf","30C","plate_2_30","A9",54,"Low",1,2489.275,2377.21805555556,952.225
"669",20260504,"48dpf","30C","plate_2_30","A10",55,"Low",1,20865.6666666667,20753.6097222222,19328.6166666667
"670",20260504,"48dpf","30C","plate_2_30","A11",56,"Low",1,3190.33333333333,3078.27638888889,1653.28333333333
"671",20260504,"48dpf","30C","plate_2_30","B1",1,"High",1,1576.95833333333,1464.90138888889,39.9083333333328
"672",20260504,"48dpf","30C","plate_2_30","B2",3,"High",1,7144.7,7032.64305555555,5607.65
"673",20260504,"48dpf","30C","plate_2_30","B3",4,"High",1,15438.2416666667,15326.1847222222,13901.1916666667
"674",20260504,"48dpf","30C","plate_2_30","B4",5,"High",1,11099.2666666667,10987.2097222222,9562.21666666667
"675",20260504,"48dpf","30C","plate_2_30","B5",6,"High",1,2562.675,2450.61805555555,1025.625
"676",20260504,"48dpf","30C","plate_2_30","B7",52,"Low",1,14013.475,13901.4180555556,12476.425
"677",20260504,"48dpf","30C","plate_2_30","B8",53,"Low",1,2457.55833333333,2345.50138888889,920.508333333333
"678",20260504,"48dpf","30C","plate_2_30","B9",54,"Low",1,13787.7666666667,13675.7097222222,12250.7166666667
"679",20260504,"48dpf","30C","plate_2_30","B10",55,"Low",1,5140.48333333333,5028.42638888889,3603.43333333333
"680",20260504,"48dpf","30C","plate_2_30","B12",57,"Low",1,8145.25833333333,8033.20138888889,6608.20833333333
"681",20260504,"48dpf","30C","plate_2_30","C1",1,"High",1,7852.14166666666,7740.08472222222,6315.09166666666
"682",20260504,"48dpf","30C","plate_2_30","C2",3,"High",1,6728.85833333333,6616.80138888889,5191.80833333333
"683",20260504,"48dpf","30C","plate_2_30","C3",4,"High",1,15380.85,15268.7930555556,13843.8
"684",20260504,"48dpf","30C","plate_2_30","C4",5,"High",1,6929.74166666667,6817.68472222222,5392.69166666667
"685",20260504,"48dpf","30C","plate_2_30","C5",6,"High",1,1872.95,1760.89305555556,335.9
"686",20260504,"48dpf","30C","plate_2_30","C6",8,"High",1,9452.21666666666,9340.15972222222,7915.16666666666
"687",20260504,"48dpf","30C","plate_2_30","C7",52,"Low",1,2274.325,2162.26805555556,737.275
"688",20260504,"48dpf","30C","plate_2_30","C8",53,"Low",1,2300.88333333333,2188.82638888889,763.833333333333
"689",20260504,"48dpf","30C","plate_2_30","C9",54,"Low",1,3700.275,3588.21805555556,2163.225
"690",20260504,"48dpf","30C","plate_2_30","C10",55,"Low",1,4949.53333333333,4837.47638888889,3412.48333333333
"691",20260504,"48dpf","30C","plate_2_30","C11",56,"Low",1,12520.0083333333,12407.9513888889,10982.9583333333
"692",20260504,"48dpf","30C","plate_2_30","C12",57,"Low",1,15485.6,15373.5430555556,13948.55
"693",20260504,"48dpf","30C","plate_2_30","D1",1,"High",1,2786.525,2674.46805555555,1249.475
"694",20260504,"48dpf","30C","plate_2_30","D2",3,"High",1,14140.775,14028.7180555555,12603.725
"695",20260504,"48dpf","30C","plate_2_30","D3",4,"High",1,10955.75,10843.6930555556,9418.7
"696",20260504,"48dpf","30C","plate_2_30","D4",5,"High",1,9212.46666666667,9100.40972222222,7675.41666666667
"697",20260504,"48dpf","30C","plate_2_30","D5",6,"High",1,2484.88333333333,2372.82638888889,947.833333333333
"698",20260504,"48dpf","30C","plate_2_30","D6",8,"High",1,2773.725,2661.66805555556,1236.675
"699",20260504,"48dpf","30C","plate_2_30","D7",52,"Low",1,8325.28333333333,8213.22638888889,6788.23333333333
"700",20260504,"48dpf","30C","plate_2_30","D8",53,"Low",1,9003.34166666667,8891.28472222222,7466.29166666667
"701",20260504,"48dpf","30C","plate_2_30","D9",54,"Low",1,14327.5833333333,14215.5263888889,12790.5333333333
"702",20260504,"48dpf","30C","plate_2_30","D10",55,"Low",1,5290.775,5178.71805555556,3753.725
"703",20260504,"48dpf","30C","plate_2_30","D12",57,"Low",1,2293.85,2181.79305555555,756.8
"704",20260504,"48dpf","30C","plate_2_30","E1",1,"High",1,6573.1,6461.04305555555,5036.05
"705",20260504,"48dpf","30C","plate_2_30","E2",3,"High",1,12673.9416666667,12561.8847222222,11136.8916666667
"706",20260504,"48dpf","30C","plate_2_30","E3",4,"High",1,13356.4083333333,13244.3513888889,11819.3583333333
"707",20260504,"48dpf","30C","plate_2_30","E4",5,"High",1,6229.25,6117.19305555555,4692.2
"708",20260504,"48dpf","30C","plate_2_30","E6",8,"High",1,9592.875,9480.81805555556,8055.825
"709",20260504,"48dpf","30C","plate_2_30","E7",52,"Low",1,1930.4,1818.34305555556,393.35
"710",20260504,"48dpf","30C","plate_2_30","E8",53,"Low",1,5885.775,5773.71805555556,4348.725
"711",20260504,"48dpf","30C","plate_2_30","E9",54,"Low",1,11325.3583333333,11213.3013888889,9788.30833333333
"712",20260504,"48dpf","30C","plate_2_30","E10",55,"Low",1,3813.925,3701.86805555556,2276.875
"713",20260504,"48dpf","30C","plate_2_30","E11",56,"Low",1,8027.2,7915.14305555556,6490.15
"714",20260504,"48dpf","30C","plate_2_30","E12",57,"Low",1,2685.40833333333,2573.35138888889,1148.35833333333
"715",20260504,"48dpf","30C","plate_2_30","F1",1,"High",1,13272.75,13160.6930555556,11735.7
"716",20260504,"48dpf","30C","plate_2_30","F2",3,"High",1,9606.81666666666,9494.75972222222,8069.76666666666
"717",20260504,"48dpf","30C","plate_2_30","F3",4,"High",1,6898.8,6786.74305555555,5361.75
"718",20260504,"48dpf","30C","plate_2_30","F4",5,"High",1,12067.4333333333,11955.3763888889,10530.3833333333
"719",20260504,"48dpf","30C","plate_2_30","F5",6,"High",1,1915.90833333333,1803.85138888889,378.858333333334
"720",20260504,"48dpf","30C","plate_2_30","F6",8,"High",1,1751.31666666667,1639.25972222222,214.266666666666
"721",20260504,"48dpf","30C","plate_2_30","F7",52,"Low",1,2190.13333333333,2078.07638888889,653.083333333333
"722",20260504,"48dpf","30C","plate_2_30","F8",53,"Low",1,9806.5,9694.44305555556,8269.45
"723",20260504,"48dpf","30C","plate_2_30","F9",54,"Low",1,18991.8166666667,18879.7597222222,17454.7666666667
"724",20260504,"48dpf","30C","plate_2_30","F10",55,"Low",1,3011.98333333333,2899.92638888889,1474.93333333333
"725",20260504,"48dpf","30C","plate_2_30","F11",56,"Low",1,2021.75,1909.69305555555,484.699999999999
"726",20260504,"48dpf","30C","plate_2_30","F12",57,"Low",1,12043.5166666667,11931.4597222222,10506.4666666667
"727",20260504,"48dpf","30C","plate_2_30","G1",1,"High",1,4220.95833333333,4108.90138888889,2683.90833333333
"728",20260504,"48dpf","30C","plate_2_30","G2",3,"High",1,6013.64166666666,5901.58472222222,4476.59166666666
"729",20260504,"48dpf","30C","plate_2_30","G3",4,"High",1,8789.04166666666,8676.98472222222,7251.99166666666
"730",20260504,"48dpf","30C","plate_2_30","G4",5,"High",1,7525.7,7413.64305555556,5988.65
"731",20260504,"48dpf","30C","plate_2_30","G5",6,"High",1,4135.23333333333,4023.17638888889,2598.18333333333
"732",20260504,"48dpf","30C","plate_2_30","G6",8,"High",1,3284.875,3172.81805555555,1747.825
"733",20260504,"48dpf","30C","plate_2_30","G8",53,"Low",1,10063.5166666667,9951.45972222222,8526.46666666667
"734",20260504,"48dpf","30C","plate_2_30","G9",54,"Low",1,16191.375,16079.3180555556,14654.325
"735",20260504,"48dpf","30C","plate_2_30","G10",55,"Low",1,7906.44166666667,7794.38472222222,6369.39166666667
"736",20260504,"48dpf","30C","plate_2_30","G11",56,"Low",1,12551.2833333333,12439.2263888889,11014.2333333333
"737",20260504,"48dpf","34C","plate_3_34","A1",1,"High",1,5770.31666666667,5433.95119047619,3946.13
"738",20260504,"48dpf","34C","plate_3_34","A2",3,"High",1,25871.2916666667,25534.9261904762,24047.105
"739",20260504,"48dpf","34C","plate_3_34","A3",4,"High",1,9044.05,8707.68452380952,7219.86333333333
"740",20260504,"48dpf","34C","plate_3_34","A4",5,"High",1,38071.8416666667,37735.4761904762,36247.655
"741",20260504,"48dpf","34C","plate_3_34","A5",6,"High",1,10091.8416666667,9755.47619047619,8267.655
"742",20260504,"48dpf","34C","plate_3_34","A6",8,"High",1,5935.79166666667,5599.42619047619,4111.605
"743",20260504,"48dpf","34C","plate_3_34","A7",52,"Low",1,3185.51666666667,2849.15119047619,1361.33
"744",20260504,"48dpf","34C","plate_3_34","A8",53,"Low",1,5587.33333333333,5250.96785714286,3763.14666666667
"745",20260504,"48dpf","34C","plate_3_34","A9",54,"Low",1,3895.59166666667,3559.22619047619,2071.405
"746",20260504,"48dpf","34C","plate_3_34","A10",55,"Low",1,6102.01666666667,5765.65119047619,4277.83
"747",20260504,"48dpf","34C","plate_3_34","A11",56,"Low",1,4429.03333333333,4092.66785714286,2604.84666666667
"748",20260504,"48dpf","34C","plate_3_34","A12",57,"Low",1,7106.88333333333,6770.51785714286,5282.69666666667
"749",20260504,"48dpf","34C","plate_3_34","B1",1,"High",1,7283.10833333334,6946.74285714286,5458.92166666667
"750",20260504,"48dpf","34C","plate_3_34","B2",3,"High",1,12120.5833333333,11784.2178571429,10296.3966666667
"751",20260504,"48dpf","34C","plate_3_34","B3",4,"High",1,6769.19166666667,6432.82619047619,4945.005
"752",20260504,"48dpf","34C","plate_3_34","B4",5,"High",1,11727.4166666667,11391.0511904762,9903.23
"753",20260504,"48dpf","34C","plate_3_34","B5",6,"High",1,3592.13333333333,3255.76785714286,1767.94666666667
"754",20260504,"48dpf","34C","plate_3_34","B6",8,"High",1,13068.5666666667,12732.2011904762,11244.38
"755",20260504,"48dpf","34C","plate_3_34","B7",52,"Low",1,2363.14166666667,2026.77619047619,538.955000000001
"756",20260504,"48dpf","34C","plate_3_34","B8",53,"Low",1,4195.01666666667,3858.65119047619,2370.83
"757",20260504,"48dpf","34C","plate_3_34","B9",54,"Low",1,3849.88333333333,3513.51785714286,2025.69666666667
"758",20260504,"48dpf","34C","plate_3_34","B10",55,"Low",1,2063.05833333333,1726.69285714286,238.871666666667
"759",20260504,"48dpf","34C","plate_3_34","B11",56,"Low",1,1965.15833333333,1628.79285714286,140.971666666667
"760",20260504,"48dpf","34C","plate_3_34","B12",57,"Low",1,16329.7583333333,15993.3928571429,14505.5716666667
"761",20260504,"48dpf","34C","plate_3_34","C1",1,"High",1,2306.34166666667,1969.97619047619,482.155
"762",20260504,"48dpf","34C","plate_3_34","C2",3,"High",1,15645.7416666667,15309.3761904762,13821.555
"763",20260504,"48dpf","34C","plate_3_34","C3",4,"High",1,10553.2666666667,10216.9011904762,8729.08
"764",20260504,"48dpf","34C","plate_3_34","C4",5,"High",1,4960.15833333333,4623.79285714286,3135.97166666667
"765",20260504,"48dpf","34C","plate_3_34","C5",6,"High",1,8752.48333333333,8416.11785714286,6928.29666666667
"766",20260504,"48dpf","34C","plate_3_34","C6",8,"High",1,11086.9083333333,10750.5428571429,9262.72166666666
"767",20260504,"48dpf","34C","plate_3_34","C7",52,"Low",1,8491.875,8155.50952380953,6667.68833333334
"768",20260504,"48dpf","34C","plate_3_34","C8",53,"Low",1,7185.05,6848.68452380952,5360.86333333333
"769",20260504,"48dpf","34C","plate_3_34","C10",55,"Low",1,16674,16337.6345238095,14849.8133333333
"770",20260504,"48dpf","34C","plate_3_34","C11",56,"Low",1,5149.075,4812.70952380952,3324.88833333333
"771",20260504,"48dpf","34C","plate_3_34","C12",57,"Low",1,2842.01666666667,2505.65119047619,1017.83
"772",20260504,"48dpf","34C","plate_3_34","D1",1,"High",1,1854.2,1517.83452380952,30.013333333334
"773",20260504,"48dpf","34C","plate_3_34","D2",3,"High",1,6796.1,6459.73452380952,4971.91333333333
"774",20260504,"48dpf","34C","plate_3_34","D3",4,"High",1,11846.775,11510.4095238095,10022.5883333333
"775",20260504,"48dpf","34C","plate_3_34","D4",5,"High",1,6874.59166666667,6538.22619047619,5050.405
"776",20260504,"48dpf","34C","plate_3_34","D5",6,"High",1,6964.36666666667,6628.00119047619,5140.18
"777",20260504,"48dpf","34C","plate_3_34","D6",8,"High",1,10349.4416666667,10013.0761904762,8525.255
"778",20260504,"48dpf","34C","plate_3_34","D7",52,"Low",1,2322.33333333333,1985.96785714286,498.146666666666
"779",20260504,"48dpf","34C","plate_3_34","D8",53,"Low",1,7943.475,7607.10952380952,6119.28833333333
"780",20260504,"48dpf","34C","plate_3_34","D10",55,"Low",1,8517.95,8181.58452380952,6693.76333333333
"781",20260504,"48dpf","34C","plate_3_34","D11",56,"Low",1,5055.175,4718.80952380952,3230.98833333333
"782",20260504,"48dpf","34C","plate_3_34","D12",57,"Low",1,2887.4,2551.03452380952,1063.21333333333
"783",20260504,"48dpf","34C","plate_3_34","E1",1,"High",1,5010.33333333333,4673.96785714286,3186.14666666667
"784",20260504,"48dpf","34C","plate_3_34","E2",3,"High",1,10465.4666666667,10129.1011904762,8641.28
"785",20260504,"48dpf","34C","plate_3_34","E3",4,"High",1,8401.33333333333,8064.96785714286,6577.14666666667
"786",20260504,"48dpf","34C","plate_3_34","E4",5,"High",1,14475.3083333333,14138.9428571429,12651.1216666667
"787",20260504,"48dpf","34C","plate_3_34","E6",8,"High",1,10567.4833333333,10231.1178571429,8743.29666666667
"788",20260504,"48dpf","34C","plate_3_34","E7",52,"Low",1,1920.68333333333,1584.31785714286,96.4966666666676
"789",20260504,"48dpf","34C","plate_3_34","E8",53,"Low",1,2031.14166666667,1694.77619047619,206.955000000001
"790",20260504,"48dpf","34C","plate_3_34","E9",54,"Low",1,2465.75,2129.38452380952,641.563333333334
"791",20260504,"48dpf","34C","plate_3_34","E10",55,"Low",1,2799.65833333333,2463.29285714286,975.471666666667
"792",20260504,"48dpf","34C","plate_3_34","E11",56,"Low",1,1861.05,1524.68452380952,36.8633333333339
"793",20260504,"48dpf","34C","plate_3_34","E12",57,"Low",1,2591.95,2255.58452380952,767.763333333334
"794",20260504,"48dpf","34C","plate_3_34","F1",1,"High",1,8733.34166666667,8396.97619047619,6909.155
"795",20260504,"48dpf","34C","plate_3_34","F2",3,"High",1,18119.6666666667,17783.3011904762,16295.48
"796",20260504,"48dpf","34C","plate_3_34","F3",4,"High",1,9978.95833333333,9642.59285714286,8154.77166666667
"797",20260504,"48dpf","34C","plate_3_34","F4",5,"High",1,9284.75833333333,8948.39285714286,7460.57166666667
"798",20260504,"48dpf","34C","plate_3_34","F6",8,"High",1,2856.4,2520.03452380952,1032.21333333333
"799",20260504,"48dpf","34C","plate_3_34","F7",52,"Low",1,2310.85833333333,1974.49285714286,486.671666666667
"800",20260504,"48dpf","34C","plate_3_34","F8",53,"Low",1,3236.30833333333,2899.94285714286,1412.12166666667
"801",20260504,"48dpf","34C","plate_3_34","F12",57,"Low",1,13451.8333333333,13115.4678571429,11627.6466666667
"802",20260504,"48dpf","34C","plate_3_34","G1",1,"High",1,2029.68333333333,1693.31785714286,205.496666666668
"803",20260504,"48dpf","34C","plate_3_34","G2",3,"High",1,13840.45,13504.0845238095,12016.2633333333
"804",20260504,"48dpf","34C","plate_3_34","G3",4,"High",1,24280.7333333333,23944.3678571429,22456.5466666667
"805",20260504,"48dpf","34C","plate_3_34","G4",5,"High",1,10919.5666666667,10583.2011904762,9095.38
"806",20260504,"48dpf","34C","plate_3_34","G5",6,"High",1,4018.825,3682.45952380952,2194.63833333333
"807",20260504,"48dpf","34C","plate_3_34","G6",8,"High",1,3253.94166666667,2917.57619047619,1429.755
"808",20260504,"48dpf","34C","plate_3_34","G7",52,"Low",1,2138.03333333333,1801.66785714286,313.846666666667
"809",20260504,"48dpf","34C","plate_3_34","G8",53,"Low",1,4883.11666666667,4546.75119047619,3058.93
"810",20260504,"48dpf","34C","plate_3_34","G9",54,"Low",1,2798.1,2461.73452380952,973.913333333334
"811",20260504,"48dpf","34C","plate_3_34","G10",55,"Low",1,6430.26666666667,6093.90119047619,4606.08
"812",20260504,"48dpf","34C","plate_3_34","G11",56,"Low",1,2017.58333333333,1681.21785714286,193.396666666667
"813",20260504,"48dpf","34C","plate_3_34","G12",57,"Low",1,2717.06666666667,2380.70119047619,892.88
"814",20260504,"48dpf","38C","plate_4_38","A1",1,"High",1,13462.9166666667,13300.1277777778,12122.6208333333
"815",20260504,"48dpf","38C","plate_4_38","A2",3,"High",1,23327.4833333333,23164.6944444444,21987.1875
"816",20260504,"48dpf","38C","plate_4_38","A3",4,"High",1,16475.2083333333,16312.4194444444,15134.9125
"817",20260504,"48dpf","38C","plate_4_38","A4",5,"High",1,12169.4666666667,12006.6777777778,10829.1708333333
"818",20260504,"48dpf","38C","plate_4_38","A5",6,"High",1,5254.4,5091.61111111111,3914.10416666667
"819",20260504,"48dpf","38C","plate_4_38","A6",8,"High",1,8968.8,8806.01111111111,7628.50416666666
"820",20260504,"48dpf","38C","plate_4_38","A7",52,"Low",1,4966.65,4803.86111111111,3626.35416666666
"821",20260504,"48dpf","38C","plate_4_38","A8",53,"Low",1,3548.78333333333,3385.99444444444,2208.4875
"822",20260504,"48dpf","38C","plate_4_38","A9",54,"Low",1,3672.09166666667,3509.30277777778,2331.79583333333
"823",20260504,"48dpf","38C","plate_4_38","A10",55,"Low",1,10225.65,10062.8611111111,8885.35416666666
"824",20260504,"48dpf","38C","plate_4_38","A11",56,"Low",1,4421.575,4258.78611111111,3081.27916666667
"825",20260504,"48dpf","38C","plate_4_38","A12",57,"Low",1,2968.325,2805.53611111111,1628.02916666667
"826",20260504,"48dpf","38C","plate_4_38","B1",1,"High",1,5414.96666666667,5252.17777777778,4074.67083333333
"827",20260504,"48dpf","38C","plate_4_38","B2",3,"High",1,8994.725,8831.93611111111,7654.42916666666
"828",20260504,"48dpf","38C","plate_4_38","B3",4,"High",1,10167.5416666667,10004.7527777778,8827.24583333333
"829",20260504,"48dpf","38C","plate_4_38","B4",5,"High",1,11278.1166666667,11115.3277777778,9937.82083333334
"830",20260504,"48dpf","38C","plate_4_38","B5",6,"High",1,4310.38333333333,4147.59444444444,2970.0875
"831",20260504,"48dpf","38C","plate_4_38","B6",8,"High",1,6210.275,6047.48611111111,4869.97916666667
"832",20260504,"48dpf","38C","plate_4_38","B7",52,"Low",1,1515.79166666667,1353.00277777778,175.495833333333
"833",20260504,"48dpf","38C","plate_4_38","B8",53,"Low",1,2386.3,2223.51111111111,1046.00416666667
"834",20260504,"48dpf","38C","plate_4_38","B9",54,"Low",1,4134.79166666667,3972.00277777778,2794.49583333333
"835",20260504,"48dpf","38C","plate_4_38","B10",55,"Low",1,2049.66666666667,1886.87777777778,709.370833333334
"836",20260504,"48dpf","38C","plate_4_38","B11",56,"Low",1,6035.69166666667,5872.90277777778,4695.39583333333
"837",20260504,"48dpf","38C","plate_4_38","B12",57,"Low",1,13433.9083333333,13271.1194444444,12093.6125
"838",20260504,"48dpf","38C","plate_4_38","C1",1,"High",1,5302.575,5139.78611111111,3962.27916666667
"839",20260504,"48dpf","38C","plate_4_38","C2",3,"High",1,9113.05833333333,8950.26944444444,7772.7625
"840",20260504,"48dpf","38C","plate_4_38","C3",4,"High",1,5738.98333333333,5576.19444444444,4398.6875
"841",20260504,"48dpf","38C","plate_4_38","C4",5,"High",1,10732.275,10569.4861111111,9391.97916666666
"842",20260504,"48dpf","38C","plate_4_38","C5",6,"High",1,2895.875,2733.08611111111,1555.57916666667
"843",20260504,"48dpf","38C","plate_4_38","C6",8,"High",1,10006.025,9843.23611111111,8665.72916666666
"844",20260504,"48dpf","38C","plate_4_38","C7",52,"Low",1,5527.24166666666,5364.45277777778,4186.94583333333
"845",20260504,"48dpf","38C","plate_4_38","C8",53,"Low",1,5527.425,5364.63611111111,4187.12916666667
"846",20260504,"48dpf","38C","plate_4_38","C9",54,"Low",1,5090.85833333333,4928.06944444444,3750.5625
"847",20260504,"48dpf","38C","plate_4_38","C10",55,"Low",1,4487.90833333333,4325.11944444444,3147.6125
"848",20260504,"48dpf","38C","plate_4_38","C11",56,"Low",1,7030.69166666667,6867.90277777778,5690.39583333333
"849",20260504,"48dpf","38C","plate_4_38","C12",57,"Low",1,3737.10833333333,3574.31944444444,2396.8125
"850",20260504,"48dpf","38C","plate_4_38","D1",1,"High",1,9803.10833333333,9640.31944444445,8462.8125
"851",20260504,"48dpf","38C","plate_4_38","D2",3,"High",1,9015.46666666667,8852.67777777778,7675.17083333333
"852",20260504,"48dpf","38C","plate_4_38","D3",4,"High",1,8468.5,8305.71111111111,7128.20416666667
"853",20260504,"48dpf","38C","plate_4_38","D4",5,"High",1,8502.175,8339.38611111111,7161.87916666666
"854",20260504,"48dpf","38C","plate_4_38","D5",6,"High",1,1797.50833333333,1634.71944444444,457.2125
"855",20260504,"48dpf","38C","plate_4_38","D6",8,"High",1,5670.325,5507.53611111111,4330.02916666667
"856",20260504,"48dpf","38C","plate_4_38","D7",52,"Low",1,3430.76666666667,3267.97777777778,2090.47083333333
"857",20260504,"48dpf","38C","plate_4_38","D8",53,"Low",1,2306.51666666667,2143.72777777778,966.220833333334
"858",20260504,"48dpf","38C","plate_4_38","D9",54,"Low",1,2273.21666666667,2110.42777777778,932.920833333333
"859",20260504,"48dpf","38C","plate_4_38","D10",55,"Low",1,11220.3666666667,11057.5777777778,9880.07083333333
"860",20260504,"48dpf","38C","plate_4_38","D11",56,"Low",1,3675.925,3513.13611111111,2335.62916666666
"861",20260504,"48dpf","38C","plate_4_38","D12",57,"Low",1,4206.89166666667,4044.10277777778,2866.59583333333
"862",20260504,"48dpf","38C","plate_4_38","E1",1,"High",1,9341.2,9178.41111111111,8000.90416666666
"863",20260504,"48dpf","38C","plate_4_38","E2",3,"High",1,20759.825,20597.0361111111,19419.5291666667
"864",20260504,"48dpf","38C","plate_4_38","E3",4,"High",1,9847.8,9685.01111111111,8507.50416666667
"865",20260504,"48dpf","38C","plate_4_38","E4",5,"High",1,9428.31666666667,9265.52777777778,8088.02083333333
"866",20260504,"48dpf","38C","plate_4_38","E5",6,"High",1,4229.08333333333,4066.29444444445,2888.7875
"867",20260504,"48dpf","38C","plate_4_38","E6",8,"High",1,3408.825,3246.03611111111,2068.52916666667
"868",20260504,"48dpf","38C","plate_4_38","E7",52,"Low",1,1973.86666666667,1811.07777777778,633.570833333333
"869",20260504,"48dpf","38C","plate_4_38","E8",53,"Low",1,3612.975,3450.18611111111,2272.67916666667
"870",20260504,"48dpf","38C","plate_4_38","E9",54,"Low",1,3300.50833333333,3137.71944444444,1960.2125
"871",20260504,"48dpf","38C","plate_4_38","E10",55,"Low",1,2672.775,2509.98611111111,1332.47916666667
"872",20260504,"48dpf","38C","plate_4_38","E11",56,"Low",1,15237.2333333333,15074.4444444444,13896.9375
"873",20260504,"48dpf","38C","plate_4_38","E12",57,"Low",1,2470.36666666667,2307.57777777778,1130.07083333333
"874",20260504,"48dpf","38C","plate_4_38","F1",1,"High",1,12164.475,12001.6861111111,10824.1791666667
"875",20260504,"48dpf","38C","plate_4_38","F2",3,"High",1,6486.61666666666,6323.82777777778,5146.32083333333
"876",20260504,"48dpf","38C","plate_4_38","F3",4,"High",1,3990.28333333333,3827.49444444444,2649.9875
"877",20260504,"48dpf","38C","plate_4_38","F4",5,"High",1,13903.8083333333,13741.0194444444,12563.5125
"878",20260504,"48dpf","38C","plate_4_38","F5",6,"High",1,9208.71666666667,9045.92777777778,7868.42083333333
"879",20260504,"48dpf","38C","plate_4_38","F6",8,"High",1,2476.88333333333,2314.09444444444,1136.5875
"880",20260504,"48dpf","38C","plate_4_38","F7",52,"Low",1,2780.175,2617.38611111111,1439.87916666667
"881",20260504,"48dpf","38C","plate_4_38","F8",53,"Low",1,3503.65833333333,3340.86944444444,2163.3625
"882",20260504,"48dpf","38C","plate_4_38","F9",54,"Low",1,2151.98333333333,1989.19444444444,811.6875
"883",20260504,"48dpf","38C","plate_4_38","F10",55,"Low",1,5425.925,5263.13611111111,4085.62916666667
"884",20260504,"48dpf","38C","plate_4_38","F11",56,"Low",1,2701.725,2538.93611111111,1361.42916666667
"885",20260504,"48dpf","38C","plate_4_38","F12",57,"Low",1,4075.81666666667,3913.02777777778,2735.52083333333
"886",20260504,"48dpf","38C","plate_4_38","G1",1,"High",1,13256.0666666667,13093.2777777778,11915.7708333333
"887",20260504,"48dpf","38C","plate_4_38","G2",3,"High",1,7492.625,7329.83611111111,6152.32916666667
"888",20260504,"48dpf","38C","plate_4_38","G3",4,"High",1,12093.9833333333,11931.1944444444,10753.6875
"889",20260504,"48dpf","38C","plate_4_38","G4",5,"High",1,11301.7416666667,11138.9527777778,9961.44583333333
"890",20260504,"48dpf","38C","plate_4_38","G5",6,"High",1,6066.68333333333,5903.89444444445,4726.3875
"891",20260504,"48dpf","38C","plate_4_38","G6",8,"High",1,6368.475,6205.68611111111,5028.17916666666
"892",20260504,"48dpf","38C","plate_4_38","G7",52,"Low",1,1857.60833333333,1694.81944444444,517.312499999999
"893",20260504,"48dpf","38C","plate_4_38","G8",53,"Low",1,5886.06666666667,5723.27777777778,4545.77083333333
"894",20260504,"48dpf","38C","plate_4_38","G9",54,"Low",1,2689.95,2527.16111111111,1349.65416666667
"895",20260504,"48dpf","38C","plate_4_38","G10",55,"Low",1,5817.88333333333,5655.09444444444,4477.5875
"896",20260504,"48dpf","38C","plate_4_38","G11",56,"Low",1,1831.90833333333,1669.11944444444,491.612499999999
"897",20260504,"48dpf","38C","plate_4_38","G12",57,"Low",1,3055.05833333333,2892.26944444445,1714.7625
